Workbook
Name Type: #REF!

Sheet Summary
H1: 44326 | M1: 44327 | R1: 44328
A2: Executed Group | B2: Executed Topic | C2: BEV21 I20 2041.101 | H2: 2041.101
C3: Passed | D3: Fail | E3: Other | F3: Total Test cases | H3: Passed | I3: Fail | J3: Other | K3: Total Test cases | M3: Passed | N3: Fail | O3: Other | P3: Total Test cases | R3: Passed | S3: Fail | T3: Other | U3: Total Test cases
A4: FuSa (TSR) | B4: Charger
A5: FuSa (TSR) | B5: DCDC Main
A6: FuSa (TSR) | B6: DCDC EFAN
A7: FuSa (TSR) | B7: DCDC SEV
A8: FuSa (TSR) | B8: FaultInjection
A9: Total | H9: =SUM(H4:H8) | I9: =SUM(I4:I8) | J9: =SUM(J4:J8) | K9: =SUM(K4:K8) | M9: =SUM(M4:M8) | N9: =SUM(N4:N8) | O9: =SUM(O4:O8) | P9: =SUM(P4:P8) | R9: =SUM(R4:R8) | S9: =SUM(S4:S8) | T9: =SUM(T4:T8) | U9: =SUM(U4:U8)
H11: 44329 | M11: 44330 | R11: 44333 | W11: 44334
A12: Executed Group | B12: Executed Topic | C12: G26 2041.40 | H12: G26 2041.51 CRETA PV024 | M12: G26 2041.51 CRETA PV024 | R12: G26 2041.51 CRETA PV024 | W12: G26 2041.51 CRETA PV024
C13: Passed | D13: Fail | E13: Other | F13: Total Test cases | H13: Passed | I13: Fail | J13: Other | K13: Total Test cases | M13: Passed | N13: Fail | O13: Other | P13: Total Test cases | R13: Passed | S13: Fail | T13: Other | U13: Total Test cases | W13: Passed | X13: Fail | Y13: Other | Z13: Total Test cases
A14: Function | B14: 14DCDC | C14: 1222 | D14: 68 | E14: 0 | F14: 1290
A15: Function | B15: KLH | C15: 409 | D15: 10 | E15: 1 | F15: 419
A16: Total | C16: =SUM(C14:C15) | D16: =SUM(D14:D15) | E16: =SUM(E14:E15) | F16: =SUM(F14:F15) | H16: =SUM(H14,H15) | I16: =SUM(I14,I15) | J16: =SUM(J14,J15) | K16: =SUM(K14,K15) | M16: =SUM(M14,M15) | N16: =SUM(N14,N15) | O16: =SUM(O14,O15) | P16: =SUM(P14,P15) | R16: =SUM(R14,R15) | S16: =SUM(S14,S15) | T16: =SUM(T14,T15) | U16: =SUM(U14,U15) | W16: =SUM(W14,W15) | X16: =SUM(X14,X15) | Y16: =SUM(Y14,Y15) | Z16: =SUM(Z14,Z15)
A18: Overall Progress
A19: Task | B19: Engineer | C19: Status | D19: Reviewed by | E19: Note
A20: Flash SW
A21: Setup CANoe
A22: Setup automated execution
A23: Collect & Summarize test result | D23: -
A24: -Charger | D24: -
A25: -14DCDC | D25: -
A26: SEV
A27: EFAN
A28: Fault injection | D28: -
A29: Manual test | D29: -
A30: Debug fails | D30: -
A31: -Charger | D31: - | E31: 9 tc
A32: -14DCDC | D32: - | E32: 1 tc
A33: SEV | D33: - | E33: 0 tc
A34: EFAN | D34: - | E34: 0 tc
A35: FTT | E35: 1 tc
A36: -Fault injection | D36: -
A37: -Manual test | D37: -
A38: Fill final test report
A39: -Charger | D39: -
A40: -14DCDC | D40: -
A41: -FTT | D41: -
A45: Test Bench | B45: TB1 | C45: TB2 | D45: TB3 | E45: VT1 | F45: VT5
A46: Test topic | B46: L2:Charger, 14DCDC | C46: L3: Charger, 14DCDC | D46: L2:Charger, 14DCDC | E46: L2:Charger | F46: L2: 14DCDC
A47: Executor

Sheet Setup Report 
A3: Test bench: Example | F3: Test bench: TB1 | K3: Test bench: TB2 | P3: Test bench: TB3 | U3: Test bench: VT1 | Z3: Test bench: VT5
A4: Date: 27 Apr 2021 | F4: Date | G4: 44323 | K4: Date | L4: 44323 | P4: Date | Q4: 44323 | U4: Date | V4: 44323 | Z4: Date | AB4: 44323
A5: Engineer: Buranon | F5: Engineer | G5: Non | K5: Engineer | P5: Engineer | U5: Engineer | Z5: Engineer
A6: Review by | F6: Review by | K6: Review by | P6: Review by | U6: Review by | Z6: Review by
A7: Reviewed date | F7: Reviewed date | K7: Reviewed date | P7: Reviewed date | Q7: 44323 | U7: Reviewed date | V7: 44323 | Z7: Reviewed date | AB7: 44323
A8: Check point | F8: Check point | K8: Check point | P8: Check point | U8: Check point | Z8: Check point
A9: No. | B9: Details | C9: Completed | D9: Reviewed | F9: No. | G9: Details | H9: Completed | I9: Reviewed | K9: No. | L9: Details | M9: Completed | N9: Reviewed | P9: No. | Q9: Details | R9: Completed | S9: Reviewed | U9: No. | V9: Details | W9: Completed | X9: Reviewed | Z9: No. | AA9: Details | AB9: Completed | AC9: Reviewed
A10: 1 | B10: SW+CRETA version panel | F10: 1 | G10: SW+CRETA version panel | K10: 1 | L10: SW+CRETA version panel | P10: 1 | Q10: SW+CRETA version panel | U10: 1 | V10: SW+CRETA version panel | Z10: 1 | AA10: SW+CRETA version panel
A11: 2 | B11: Setup CANoe -Correct .ARXML file -Correct .LDF file -Correct CAPL node | F11: 2 | G11: Setup CANoe -Correct .ARXML file -Correct .LDF file -Correct CAPL node | K11: 2 | L11: Setup CANoe -Correct .ARXML file -Correct .LDF file -Correct CAPL node | P11: 2 | Q11: Setup CANoe -Correct .ARXML file -Correct .LDF file -Correct CAPL node | U11: 2 | V11: Setup CANoe -Correct .ARXML file -Correct .LDF file -Correct CAPL node | Z11: 2 | AA11: Setup CANoe -Correct .ARXML file -Correct .LDF file -Correct CAPL node
A12: 3 | B12: ENG9_Start All Pass | F12: 3 | G12: ENG9_Start All Pass | K12: 3 | L12: ENG9_Start All Pass | P12: 3 | Q12: ENG9_Start All Pass | U12: 3 | V12: ENG9_Start All Pass | Z12: 3 | AA12: ENG9_Start All Pass
A13: 4 | B13: Setup automated execution -Clear log folder -Use original Select Group -Correct init file -Active tes units -Confirm 1 st result | C13: Yes | F13: 4 | G13: Setup automated execution -Clear log folder -Use original Select Group -Correct init file -Active tes units -Confirm 1 st result | K13: 4 | L13: Setup automated execution -Clear log folder -Use original Select Group -Correct init file -Active tes units -Confirm 1 st result | P13: 4 | Q13: Setup automated execution -Clear log folder -Use original Select Group -Correct init file -Active test units -Confirm 1 st result | U13: 4 | V13: Setup automated execution -Clear log folder -Use original Select Group -Correct init file -Active test units -Confirm 1 st result | Z13: 4 | AA13: Setup automated execution -Clear log folder -Use original Select Group -Correct init file -Active tes units -Confirm 1 st result

Sheet Cover
B3: G60 XXXX
B5: I-Step | C5: I-XXX
B6: Release_Software
B7: CRETA | C7: 0000XXXX-0XX.XXX.0XX
B10: 1.RELEASE TYPE
B11: 2.CUSTOMER SW RELEASE VERSION
B12: 3.APPLICATION LABEL | C12: SGBM - SWFL
C13: ID - 0000XXXX
C14: VER - 0XX.XXX.0XX
B15: 4.DATA LABEL | C15: SWFL AWD CHN DYN BBG BEV
C16: ID - 0000XXXX
C17: VER - 0XX.XXX.0XX
B18: 5.BOOT LOADER LABEL | C18: SGBM - BTLD
C19: ID - 0000A32E
C20: VER - 039.142.041
B22: Application version: | C22: 0000XXXX_ 0XX.XXX.0XX
B23: Data version: | C23: 0000XXXX_0XX.XXX.0XX

Sheet Definition
A2: Document Format
A3: Font: Calibri
A4: Font size: 11
A6: Status Definition
A7: OK | B7: means all test cases in html files pass and fully satisfy the the relevant requirements
A8: Partially cover | B8: means all test cases in html files pass but partially satisfy the the relevant requirements,, because some test case are not testable in ENG9 and tested in other ENG levels
A9: NG | B9: means all test cases in html files do not pass and deviations are not available
A10: Justify | B10: means all test cases in html files pass but not fully satisfy the the relevant requirements, and deviations or reasonable comment are written
A11: Obsolete | B11: means all test cases are not tested in ENG9 and refer to other ENG levels. Requirements are obsolete or not applicable
F18: `

Sheet L1_FI
A1: SP18 | J1: SP21 | V1: SP21P | W1: Reference | AG1: SPxx SOPyyyy Gxx aaaa.bb
A2: SOP2207 | B2: SOP2211 | C2: SOP2307 | D2: SOP2407 | E2: SOP2503 | F2: SOP2507 | G2: SOP2603 | H2: SOP2311 | I2: SOP2403 | J2: SOP2207 | K2: SOP2207_I20 | L2: SOP2211 | M2: SOP2303 | N2: SOP2307 | O2: SOP2407 | P2: SOP2311 | Q2: SOP2403 | R2: SOP2503 | S2: SOP2507 | T2: SOP2511 | U2: SOP2603 | V2: SOP2607 | W2: Test Case | X2: Pass | Y2: Fail | Z2: OtherFail | AA2: Total | AB2: Time | AC2: TSR ID | AD2: Status | AE2: Comments | AG2: Test Case | AH2: Pass | AI2: Fail | AJ2: OtherFail | AK2: Total | AL2: Time | AM2: Status | AN2: Comment | AO2: Test ID | AP2: Pass | AQ2: Fail | AR2: OtherFail | AS2: Total
A3: Yes | B3: Yes | C3: Yes | D3: Yes | E3: Yes | F3: Yes | G3: Yes | H3: Yes | I3: Yes | J3: Yes | K3: Yes | L3: Yes | M3: Yes | N3: Yes | O3: Yes | P3: Yes | Q3: Yes | R3: Yes | S3: Yes | T3: Yes | U3: Yes | V3: Yes | W3: [SYI_001_002_0003][FP101]Confirm DCDC over temperature detection.html | X3: 25 | Y3: 0 | Z3: 0 | AA3: 25 | AB3: 0.0022106481 | AO3: =EXACT(W3,AG3) | AP3: =EXACT(X3,AH3) | AQ3: =EXACT(Y3,AI3) | AR3: =EXACT(Z3,AJ3) | AS3: =EXACT(AA3,AK3)
A4: Yes | B4: Yes | C4: Yes | D4: Yes | E4: Yes | F4: Yes | G4: Yes | H4: Yes | I4: Yes | J4: No | K4: Yes | L4: No | M4: No | N4: No | O4: No | P4: No | Q4: No | R4: No | S4: No | T4: No | U4: No | V4: No | W4: [SYI_001_002_0004][FP102]Confirm DCDC Temp Range Check and Thermal Error Detect Check.html | X4: 24 | Y4: 0 | Z4: 0 | AA4: 24 | AB4: 0.0044907407 | AO4: =EXACT(W4,AG4) | AP4: =EXACT(X4,AH4) | AQ4: =EXACT(Y4,AI4) | AR4: =EXACT(Z4,AJ4) | AS4: =EXACT(AA4,AK4)
A5: No | B5: No | C5: No | D5: No | E5: No | F5: No | G5: No | H5: No | I5: No | J5: Yes | K5: No | L5: Yes | M5: Yes | N5: Yes | O5: Yes | P5: Yes | Q5: Yes | R5: Yes | S5: Yes | T5: Yes | U5: Yes | V5: Yes | W5: [SYI_001_002_0004][FP102]Confirm DCDC Temp Range Check and Thermal Error Detect Check_CR924.html | X5: 26 | Y5: 0 | Z5: 0 | AA5: 26 | AB5: 0.0044907407 | AE5: CR 924. Added additional 2 sub tc's according to task ticket #112322 | AO5: =EXACT(W5,AG5) | AP5: =EXACT(X5,AH5) | AQ5: =EXACT(Y5,AI5) | AR5: =EXACT(Z5,AJ5) | AS5: =EXACT(AA5,AK5)
A6: Yes | B6: Yes | C6: Yes | D6: Yes | E6: Yes | F6: Yes | G6: Yes | H6: Yes | I6: Yes | J6: No | K6: No | L6: No | M6: No | N6: No | O6: No | P6: No | Q6: No | R6: No | S6: No | T6: No | U6: No | V6: No | W6: [SYI_001_005_0004][FP102]Confirm DCDC Temp Range Check and Thermal Error Detect Check.html | X6: 16 | Y6: 0 | Z6: 0 | AA6: 16 | AB6: 0.0021527778 | AO6: =EXACT(W6,AG6) | AP6: =EXACT(X6,AH6) | AQ6: =EXACT(Y6,AI6) | AR6: =EXACT(Z6,AJ6) | AS6: =EXACT(AA6,AK6)
A7: No | B7: No | C7: No | D7: No | E7: No | F7: No | G7: No | H7: No | I7: No | J7: NA | K7: NA | L7: NA | M7: NA | N7: Yes | O7: Yes | P7: Yes | Q7: Yes | R7: Yes | S7: Yes | T7: Yes | U7: Yes | V7: Yes | W7: [SYI_001_005_0004][FP102]Confirm DCDC Temp Range Check and Thermal Error Detect Check_CR924.html | X7: 16 | Y7: 0 | Z7: 0 | AA7: 16 | AB7: 0.0021527778 | AO7: =EXACT(W7,AG7) | AP7: =EXACT(X7,AH7) | AQ7: =EXACT(Y7,AI7) | AR7: =EXACT(Z7,AJ7) | AS7: =EXACT(AA7,AK7)
A8: Yes | B8: Yes | C8: Yes | D8: Yes | E8: Yes | F8: Yes | G8: Yes | H8: Yes | I8: Yes | J8: Yes | K8: Yes | L8: Yes | M8: Yes | N8: Yes | O8: Yes | P8: Yes | Q8: Yes | R8: Yes | S8: Yes | T8: Yes | U8: Yes | V8: Yes | W8: [SYI_AC3_999_003]Requirements from other than KLH.html | X8: 1 | Y8: 0 | Z8: 0 | AA8: 1 | AB8: 0.0009375 | AC8: TSR-CCU-801 | AD8: Partially covered | AE8: SYI_AC3_999_003_001, SYI_AC3_999_003_002 are not tested and refer to ENG08 E/E (ENG8_NEO) (Traceability matrix sheet) Tested by SwReqspec_Comadapter 447 (SWR_96c7080b-f32c-563c-8819-45a0025d1226: E2E Protection in ComAdapter) | AO8: =EXACT(W8,AG8) | AP8: =EXACT(X8,AH8) | AQ8: =EXACT(Y8,AI8) | AR8: =EXACT(Z8,AJ8) | AS8: =EXACT(AA8,AK8)
A9: Yes | B9: Yes | C9: Yes | D9: Yes | E9: Yes | F9: Yes | G9: Yes | H9: Yes | I9: Yes | J9: Yes | K9: Yes | L9: Yes | M9: Yes | N9: Yes | O9: Yes | P9: Yes | Q9: Yes | R9: Yes | S9: Yes | T9: Yes | U9: Yes | V9: Yes | W9: [SYI_AC3_999_004]Requirements from other than KLH.html | X9: 2 | Y9: 0 | Z9: 0 | AA9: 2 | AB9: 0.0003125 | AC9: TSR-CCU-803 | AO9: =EXACT(W9,AG9) | AP9: =EXACT(X9,AH9) | AQ9: =EXACT(Y9,AI9) | AR9: =EXACT(Z9,AJ9) | AS9: =EXACT(AA9,AK9)
A10: Yes | B10: Yes | C10: Yes | D10: Yes | E10: Yes | F10: Yes | G10: Yes | H10: Yes | I10: Yes | J10: Yes | K10: Yes | L10: Yes | M10: Yes | N10: Yes | O10: Yes | P10: Yes | Q10: Yes | R10: Yes | S10: Yes | T10: Yes | U10: Yes | V10: Yes | W10: [SYI_AC3_999_005]Requirements from other than KLH.html | X10: 2 | Y10: 0 | Z10: 0 | AA10: 2 | AB10: 0.0003125 | AC10: TSR-CCU-803 | AO10: =EXACT(W10,AG10) | AP10: =EXACT(X10,AH10) | AQ10: =EXACT(Y10,AI10) | AR10: =EXACT(Z10,AJ10) | AS10: =EXACT(AA10,AK10)
A11: Yes | B11: Yes | C11: Yes | D11: Yes | E11: Yes | F11: Yes | G11: Yes | H11: Yes | I11: Yes | J11: Yes | K11: Yes | L11: Yes | M11: Yes | N11: Yes | O11: Yes | P11: Yes | Q11: Yes | R11: Yes | S11: Yes | T11: Yes | U11: Yes | V11: Yes | W11: [SYI_AC3_999_006]Requirements from other than KLH.html | X11: 2 | Y11: 0 | Z11: 0 | AA11: 2 | AB11: 0.0003125 | AC11: TSR-CCU-805 | AO11: =EXACT(W11,AG11) | AP11: =EXACT(X11,AH11) | AQ11: =EXACT(Y11,AI11) | AR11: =EXACT(Z11,AJ11) | AS11: =EXACT(AA11,AK11)
A12: Yes | B12: Yes | C12: Yes | D12: Yes | E12: Yes | F12: Yes | G12: Yes | H12: Yes | I12: Yes | J12: Yes | K12: Yes | L12: Yes | M12: Yes | N12: Yes | O12: Yes | P12: Yes | Q12: Yes | R12: Yes | S12: Yes | T12: Yes | U12: Yes | V12: Yes | W12: [SYI_AC3_999_007]Requirements from other than KLH.html | X12: 2 | Y12: 0 | Z12: 0 | AA12: 2 | AB12: 0.0003125 | AC12: TSR-CCU-805 | AO12: =EXACT(W12,AG12) | AP12: =EXACT(X12,AH12) | AQ12: =EXACT(Y12,AI12) | AR12: =EXACT(Z12,AJ12) | AS12: =EXACT(AA12,AK12)
A13: Yes | B13: Yes | C13: Yes | D13: Yes | E13: Yes | F13: Yes | G13: Yes | H13: Yes | I13: Yes | J13: Yes | K13: Yes | L13: Yes | M13: Yes | N13: Yes | O13: Yes | P13: Yes | Q13: Yes | R13: Yes | S13: Yes | T13: Yes | U13: Yes | V13: Yes | W13: [SYI_AC3_999_008]Requirements from other than KLH.html | X13: 1 | Y13: 0 | Z13: 0 | AA13: 1 | AB13: 0.00059027778 | AC13: TSR-CCU-802 | AD13: Partially covered | AE13: SYI_AC3_999_008_001, SYI_AC3_999_008_002 are not tested and refer to Eng 8 (Traceability matrix sheet) SWQT_031_001_0012, SWQT_031_001_0017 | AO13: =EXACT(W13,AG13) | AP13: =EXACT(X13,AH13) | AQ13: =EXACT(Y13,AI13) | AR13: =EXACT(Z13,AJ13) | AS13: =EXACT(AA13,AK13)
A14: Yes | B14: Yes | C14: Yes | D14: Yes | E14: Yes | F14: Yes | G14: Yes | H14: Yes | I14: Yes | J14: Yes | K14: Yes | L14: Yes | M14: Yes | N14: Yes | O14: Yes | P14: Yes | Q14: Yes | R14: Yes | S14: Yes | T14: Yes | U14: Yes | V14: Yes | W14: [SYI_COMMON_003_001_001_001] Chorus SPI received No error L1.html | X14: 1 | Y14: 0 | Z14: 0 | AA14: 1 | AB14: 0.00053240741 | AC14: No TSR ID | AO14: =EXACT(W14,AG14) | AP14: =EXACT(X14,AH14) | AQ14: =EXACT(Y14,AI14) | AR14: =EXACT(Z14,AJ14) | AS14: =EXACT(AA14,AK14)
A15: Yes | B15: Yes | C15: Yes | D15: Yes | E15: Yes | F15: Yes | G15: Yes | H15: Yes | I15: Yes | J15: Yes | K15: Yes | L15: Yes | M15: Yes | N15: Yes | O15: Yes | P15: Yes | Q15: Yes | R15: Yes | S15: Yes | T15: Yes | U15: Yes | V15: Yes | W15: [SYI_COMMON_003_001_001_002] Chorus SPI received No error L2.html | X15: 1 | Y15: 0 | Z15: 0 | AA15: 1 | AB15: 0.00033564815 | AC15: No TSR ID | AO15: =EXACT(W15,AG15) | AP15: =EXACT(X15,AH15) | AQ15: =EXACT(Y15,AI15) | AR15: =EXACT(Z15,AJ15) | AS15: =EXACT(AA15,AK15)
A16: Yes | B16: Yes | C16: Yes | D16: Yes | E16: Yes | F16: Yes | G16: Yes | H16: Yes | I16: Yes | J16: Yes | K16: Yes | L16: Yes | M16: Yes | N16: Yes | O16: Yes | P16: Yes | Q16: Yes | R16: Yes | S16: Yes | T16: Yes | U16: Yes | V16: Yes | W16: [SYI_COMMON_003_001_001_003] Chorus SPI received No error L3.html | X16: 1 | Y16: 0 | Z16: 0 | AA16: 1 | AB16: 0.00033564815 | AC16: No TSR ID | AO16: =EXACT(W16,AG16) | AP16: =EXACT(X16,AH16) | AQ16: =EXACT(Y16,AI16) | AR16: =EXACT(Z16,AJ16) | AS16: =EXACT(AA16,AK16)
A17: Yes | B17: Yes | C17: Yes | D17: Yes | E17: Yes | F17: Yes | G17: Yes | H17: Yes | I17: Yes | J17: Yes | K17: Yes | L17: Yes | M17: Yes | N17: Yes | O17: Yes | P17: Yes | Q17: Yes | R17: Yes | S17: Yes | T17: Yes | U17: Yes | V17: Yes | W17: [SYI_COMMON_003_001_003_001] Chorus SPI received SOF error L1.html | X17: 1 | Y17: 0 | Z17: 0 | AA17: 1 | AB17: 0.00034722222 | AC17: No TSR ID | AO17: =EXACT(W17,AG17) | AP17: =EXACT(X17,AH17) | AQ17: =EXACT(Y17,AI17) | AR17: =EXACT(Z17,AJ17) | AS17: =EXACT(AA17,AK17)
A18: Yes | B18: Yes | C18: Yes | D18: Yes | E18: Yes | F18: Yes | G18: Yes | H18: Yes | I18: Yes | J18: Yes | K18: Yes | L18: Yes | M18: Yes | N18: Yes | O18: Yes | P18: Yes | Q18: Yes | R18: Yes | S18: Yes | T18: Yes | U18: Yes | V18: Yes | W18: [SYI_COMMON_003_001_003_002] Chorus SPI received SOF error L2.html | X18: 1 | Y18: 0 | Z18: 0 | AA18: 1 | AB18: 0.00033564815 | AC18: No TSR ID | AO18: =EXACT(W18,AG18) | AP18: =EXACT(X18,AH18) | AQ18: =EXACT(Y18,AI18) | AR18: =EXACT(Z18,AJ18) | AS18: =EXACT(AA18,AK18)
A19: Yes | B19: Yes | C19: Yes | D19: Yes | E19: Yes | F19: Yes | G19: Yes | H19: Yes | I19: Yes | J19: Yes | K19: Yes | L19: Yes | M19: Yes | N19: Yes | O19: Yes | P19: Yes | Q19: Yes | R19: Yes | S19: Yes | T19: Yes | U19: Yes | V19: Yes | W19: [SYI_COMMON_003_001_003_003] Chorus SPI received SOF error L3.html | X19: 1 | Y19: 0 | Z19: 0 | AA19: 1 | AB19: 0.00033564815 | AC19: No TSR ID | AO19: =EXACT(W19,AG19) | AP19: =EXACT(X19,AH19) | AQ19: =EXACT(Y19,AI19) | AR19: =EXACT(Z19,AJ19) | AS19: =EXACT(AA19,AK19)
A20: Yes | B20: Yes | C20: Yes | D20: Yes | E20: Yes | F20: Yes | G20: Yes | H20: Yes | I20: Yes | J20: Yes | K20: Yes | L20: Yes | M20: Yes | N20: Yes | O20: Yes | P20: Yes | Q20: Yes | R20: Yes | S20: Yes | T20: Yes | U20: Yes | V20: Yes | W20: [SYI_COMMON_003_001_004_001] Chorus SPI received SubFrame error L1.html | X20: 1 | Y20: 0 | Z20: 0 | AA20: 1 | AB20: 0.00033564815 | AC20: No TSR ID | AO20: =EXACT(W20,AG20) | AP20: =EXACT(X20,AH20) | AQ20: =EXACT(Y20,AI20) | AR20: =EXACT(Z20,AJ20) | AS20: =EXACT(AA20,AK20)
A21: Yes | B21: Yes | C21: Yes | D21: Yes | E21: Yes | F21: Yes | G21: Yes | H21: Yes | I21: Yes | J21: Yes | K21: Yes | L21: Yes | M21: Yes | N21: Yes | O21: Yes | P21: Yes | Q21: Yes | R21: Yes | S21: Yes | T21: Yes | U21: Yes | V21: Yes | W21: [SYI_COMMON_003_001_004_002] Chorus SPI received SubFrame error L2.html | X21: 1 | Y21: 0 | Z21: 0 | AA21: 1 | AB21: 0.00033564815 | AC21: No TSR ID | AO21: =EXACT(W21,AG21) | AP21: =EXACT(X21,AH21) | AQ21: =EXACT(Y21,AI21) | AR21: =EXACT(Z21,AJ21) | AS21: =EXACT(AA21,AK21)
A22: Yes | B22: Yes | C22: Yes | D22: Yes | E22: Yes | F22: Yes | G22: Yes | H22: Yes | I22: Yes | J22: Yes | K22: Yes | L22: Yes | M22: Yes | N22: Yes | O22: Yes | P22: Yes | Q22: Yes | R22: Yes | S22: Yes | T22: Yes | U22: Yes | V22: Yes | W22: [SYI_COMMON_003_001_004_003] Chorus SPI received SubFrame error L3.html | X22: 1 | Y22: 0 | Z22: 0 | AA22: 1 | AB22: 0.00033564815 | AC22: No TSR ID | AO22: =EXACT(W22,AG22) | AP22: =EXACT(X22,AH22) | AQ22: =EXACT(Y22,AI22) | AR22: =EXACT(Z22,AJ22) | AS22: =EXACT(AA22,AK22)
A23: Yes | B23: Yes | C23: Yes | D23: Yes | E23: Yes | F23: Yes | G23: Yes | H23: Yes | I23: Yes | J23: Yes | K23: Yes | L23: Yes | M23: Yes | N23: Yes | O23: Yes | P23: Yes | Q23: Yes | R23: Yes | S23: Yes | T23: Yes | U23: Yes | V23: Yes | W23: [SYI_COMMON_003_001_005_001] Chorus SPI received Alive counter error L1.html | X23: 1 | Y23: 0 | Z23: 0 | AA23: 1 | AB23: 0.00033564815 | AC23: No TSR ID | AO23: =EXACT(W23,AG23) | AP23: =EXACT(X23,AH23) | AQ23: =EXACT(Y23,AI23) | AR23: =EXACT(Z23,AJ23) | AS23: =EXACT(AA23,AK23)
A24: Yes | B24: Yes | C24: Yes | D24: Yes | E24: Yes | F24: Yes | G24: Yes | H24: Yes | I24: Yes | J24: Yes | K24: Yes | L24: Yes | M24: Yes | N24: Yes | O24: Yes | P24: Yes | Q24: Yes | R24: Yes | S24: Yes | T24: Yes | U24: Yes | V24: Yes | W24: [SYI_COMMON_003_001_005_002] Chorus SPI received Alive counter error L2.html | X24: 1 | Y24: 0 | Z24: 0 | AA24: 1 | AB24: 0.00033564815 | AC24: No TSR ID | AO24: =EXACT(W24,AG24) | AP24: =EXACT(X24,AH24) | AQ24: =EXACT(Y24,AI24) | AR24: =EXACT(Z24,AJ24) | AS24: =EXACT(AA24,AK24)
A25: Yes | B25: Yes | C25: Yes | D25: Yes | E25: Yes | F25: Yes | G25: Yes | H25: Yes | I25: Yes | J25: Yes | K25: Yes | L25: Yes | M25: Yes | N25: Yes | O25: Yes | P25: Yes | Q25: Yes | R25: Yes | S25: Yes | T25: Yes | U25: Yes | V25: Yes | W25: [SYI_COMMON_003_001_005_003] Chorus SPI received Alive counter error L3.html | X25: 1 | Y25: 0 | Z25: 0 | AA25: 1 | AB25: 0.00033564815 | AC25: No TSR ID | AO25: =EXACT(W25,AG25) | AP25: =EXACT(X25,AH25) | AQ25: =EXACT(Y25,AI25) | AR25: =EXACT(Z25,AJ25) | AS25: =EXACT(AA25,AK25)
... A45: Yes | B45: Yes | C45: Yes | D45: Yes | E45: Yes | F45: Yes | G45: Yes | H45: Yes | I45: Yes | J45: Yes | K45: Yes | L45: Yes | M45: Yes | N45: Yes | O45: Yes | P45: Yes | Q45: Yes | R45: Yes | S45: Yes | T45: Yes | U45: Yes | V45: Yes | W45: [SYI_COMMON_004_001_002] I2C Bus Lock I2C error.html | X45: 1 | Y45: 0 | Z45: 0 | AA45: 1 | AB45: 0.00046296296 | AC45: No TSR ID | AO45: =EXACT(W45,AG45) | AP45: =EXACT(X45,AH45) | AQ45: =EXACT(Y45,AI45) | AR45: =EXACT(Z45,AJ45) | AS45: =EXACT(AA45,AK45)
A46: Yes | B46: Yes | C46: Yes | D46: Yes | E46: Yes | F46: Yes | G46: Yes | H46: Yes | I46: Yes | J46: Yes | K46: Yes | L46: Yes | M46: Yes | N46: Yes | O46: Yes | P46: Yes | Q46: Yes | R46: Yes | S46: Yes | T46: Yes | U46: Yes | V46: Yes | W46: [SYI_FP20_001_002] PFC over temperature detection.html | X46: 6 | Y46: 0 | Z46: 0 | AA46: 6 | AC46: TSR-CCU-351 | AO46: =EXACT(W46,AG46) | AP46: =EXACT(X46,AH46) | AQ46: =EXACT(Y46,AI46) | AR46: =EXACT(Z46,AJ46) | AS46: =EXACT(AA46,AK46)
A47: Yes | B47: Yes | C47: Yes | D47: Yes | E47: Yes | F47: Yes | G47: Yes | H47: Yes | I47: Yes | J47: Yes | K47: Yes | L47: Yes | M47: Yes | N47: Yes | O47: Yes | P47: Yes | Q47: Yes | R47: Yes | S47: Yes | T47: Yes | U47: Yes | V47: Yes | W47: [SYI_FP20_002_002] PFC Temp Range Check and Thermal Error Detect Check.html | X47: 6 | Y47: 0 | Z47: 0 | AA47: 6 | AC47: TSR-CCU-360 | AO47: =EXACT(W47,AG47) | AP47: =EXACT(X47,AH47) | AQ47: =EXACT(Y47,AI47) | AR47: =EXACT(Z47,AJ47) | AS47: =EXACT(AA47,AK47)
A48: Yes | B48: Yes | C48: Yes | D48: Yes | E48: Yes | F48: Yes | G48: Yes | H48: Yes | I48: Yes | J48: Yes | K48: Yes | L48: Yes | M48: Yes | N48: Yes | O48: Yes | P48: Yes | Q48: Yes | R48: Yes | S48: Yes | T48: Yes | U48: Yes | V48: Yes | W48: [SYI_FP20_002_003] PFC Temp Range Check and Thermal Error Detect Check.html | X48: 3 | Y48: 3 | Z48: 0 | AA48: 6 | AC48: TSR-CCU-361 | AD48: Justify | AE48: In ENG09 Test Environment cannot simulate PFC/CHG Temperature below -5 C properly due to limitation of Test Environment, this point has been raised and discussed in the ticket KAP#122475. The issue is JUSTIFIED by MF as a test bench limitation and ENG.05 HW test case IDs will be referenced for Verification coverage. | AO48: =EXACT(W48,AG48) | AP48: =EXACT(X48,AH48) | AQ48: =EXACT(Y48,AI48) | AR48: =EXACT(Z48,AJ48) | AS48: =EXACT(AA48,AK48)
A49: Yes | B49: Yes | C49: Yes | D49: Yes | E49: Yes | F49: Yes | G49: Yes | H49: Yes | I49: Yes | J49: Yes | K49: Yes | L49: Yes | M49: Yes | N49: Yes | O49: Yes | P49: Yes | Q49: Yes | R49: Yes | S49: Yes | T49: Yes | U49: Yes | V49: Yes | W49: [SYI_FP20_002_006] PFC Temp Range Check and Thermal Error Detect Check.html | X49: 12 | Y49: 0 | Z49: 0 | AA49: 12 | AC49: TSR-CCU-389 | AO49: =EXACT(W49,AG49) | AP49: =EXACT(X49,AH49) | AQ49: =EXACT(Y49,AI49) | AR49: =EXACT(Z49,AJ49) | AS49: =EXACT(AA49,AK49)
A50: Yes | B50: Yes | C50: Yes | D50: Yes | E50: Yes | F50: Yes | G50: Yes | H50: Yes | I50: Yes | J50: Yes | K50: Yes | L50: Yes | M50: Yes | N50: Yes | O50: Yes | P50: Yes | Q50: Yes | R50: Yes | S50: Yes | T50: Yes | U50: Yes | V50: Yes | W50: [SYI_FP30_001_002] CHG over temperature detection.html | X50: 6 | Y50: 0 | Z50: 0 | AA50: 6 | AC50: TSR-CCU-352 | AO50: =EXACT(W50,AG50) | AP50: =EXACT(X50,AH50) | AQ50: =EXACT(Y50,AI50) | AR50: =EXACT(Z50,AJ50) | AS50: =EXACT(AA50,AK50)
A51: Yes | B51: Yes | C51: Yes | D51: Yes | E51: Yes | F51: Yes | G51: Yes | H51: Yes | I51: Yes | J51: Yes | K51: Yes | L51: Yes | M51: Yes | N51: Yes | O51: Yes | P51: Yes | Q51: Yes | R51: Yes | S51: Yes | T51: Yes | U51: Yes | V51: Yes | W51: [SYI_FP30_002_002] CHG Temp Range Check and Thermal Error Detect Check.html | X51: 6 | Y51: 0 | Z51: 0 | AA51: 6 | AC51: TSR-CCU-364 | AO51: =EXACT(W51,AG51) | AP51: =EXACT(X51,AH51) | AQ51: =EXACT(Y51,AI51) | AR51: =EXACT(Z51,AJ51) | AS51: =EXACT(AA51,AK51)
A52: Yes | B52: Yes | C52: Yes | D52: Yes | E52: Yes | F52: Yes | G52: Yes | H52: Yes | I52: Yes | J52: Yes | K52: Yes | L52: Yes | M52: Yes | N52: Yes | O52: Yes | P52: Yes | Q52: Yes | R52: Yes | S52: Yes | T52: Yes | U52: Yes | V52: Yes | W52: [SYI_FP30_002_003] CHG Temp Range Check and Thermal Error Detect Check.html | X52: 3 | Y52: 3 | Z52: 0 | AA52: 6 | AC52: TSR-CCU-365 | AD52: Justify | AE52: In ENG09 Test Environment cannot simulate PFC/CHG Temperature below -5 C properly due to limitation of Test Environment, this point has been raised and discussed in the ticket KAP#122475. The issue is JUSTIFIED by MF as a test bench limitation and ENG.05 HW test case IDs will be referenced for Verification coverage. | AO52: =EXACT(W52,AG52) | AP52: =EXACT(X52,AH52) | AQ52: =EXACT(Y52,AI52) | AR52: =EXACT(Z52,AJ52) | AS52: =EXACT(AA52,AK52)
A53: Yes | B53: Yes | C53: Yes | D53: Yes | E53: Yes | F53: Yes | G53: Yes | H53: Yes | I53: Yes | J53: Yes | K53: Yes | L53: Yes | M53: Yes | N53: Yes | O53: Yes | P53: Yes | Q53: Yes | R53: Yes | S53: Yes | T53: Yes | U53: Yes | V53: Yes | W53: [SYI_FP30_002_006] CHG Temp Range Check and Thermal Error Detect Check.html | X53: 12 | Y53: 0 | Z53: 0 | AA53: 12 | AC53: TSR-CCU-389 | AO53: =EXACT(W53,AG53) | AP53: =EXACT(X53,AH53) | AQ53: =EXACT(Y53,AI53) | AR53: =EXACT(Z53,AJ53) | AS53: =EXACT(AA53,AK53)
A54: Yes | B54: Yes | C54: Yes | D54: Yes | E54: Yes | F54: Yes | G54: Yes | H54: Yes | I54: Yes | J54: Yes | K54: Yes | L54: Yes | M54: Yes | N54: Yes | O54: Yes | P54: Yes | Q54: Yes | R54: Yes | S54: Yes | T54: Yes | U54: Yes | V54: Yes | W54: [SYI_SF02_001_008]Accelerator pedal plausibility.html | X54: 2 | Y54: 0 | Z54: 0 | AA54: 2 | AC54: TSR-CCU-471 | AO54: =EXACT(W54,AG54) | AP54: =EXACT(X54,AH54) | AQ54: =EXACT(Y54,AI54) | AR54: =EXACT(Z54,AJ54) | AS54: =EXACT(AA54,AK54)
A55: Yes | B55: Yes | C55: Yes | D55: Yes | E55: Yes | F55: Yes | G55: Yes | H55: Yes | I55: Yes | J55: Yes | K55: Yes | L55: Yes | M55: Yes | N55: Yes | O55: Yes | P55: Yes | Q55: Yes | R55: Yes | S55: Yes | T55: Yes | U55: Yes | V55: Yes | W55: [SYI_SF02_001_010]Accelerator pedal plausibility.html | X55: 2 | Y55: 0 | Z55: 0 | AA55: 2 | AC55: TSR-CCU-473 | AO55: =EXACT(W55,AG55) | AP55: =EXACT(X55,AH55) | AQ55: =EXACT(Y55,AI55) | AR55: =EXACT(Z55,AJ55) | AS55: =EXACT(AA55,AK55)
A56: Yes | B56: Yes | C56: Yes | D56: Yes | E56: Yes | F56: Yes | G56: Yes | H56: Yes | I56: Yes | J56: Yes | K56: Yes | L56: Yes | M56: Yes | N56: Yes | O56: Yes | P56: Yes | Q56: Yes | R56: Yes | S56: Yes | T56: Yes | U56: Yes | V56: Yes | W56: [SYI_SF02_006_002]Pedal sensor fault check.html | X56: 3 | Y56: 0 | Z56: 0 | AA56: 3 | AC56: TSR-CCU-728 | AO56: =EXACT(W56,AG56) | AP56: =EXACT(X56,AH56) | AQ56: =EXACT(Y56,AI56) | AR56: =EXACT(Z56,AJ56) | AS56: =EXACT(AA56,AK56)
A57: Yes | B57: Yes | C57: Yes | D57: Yes | E57: Yes | F57: Yes | G57: Yes | H57: Yes | I57: Yes | J57: Yes | K57: Yes | L57: Yes | M57: Yes | N57: Yes | O57: Yes | P57: Yes | Q57: Yes | R57: Yes | S57: Yes | T57: Yes | U57: Yes | V57: Yes | W57: [SYI_SF02_006_003]Pedal sensor fault check.html | X57: 3 | Y57: 0 | Z57: 0 | AA57: 3 | AC57: TSR-CCU-729 | AO57: =EXACT(W57,AG57) | AP57: =EXACT(X57,AH57) | AQ57: =EXACT(Y57,AI57) | AR57: =EXACT(Z57,AJ57) | AS57: =EXACT(AA57,AK57)
W58: Total | X58: =SUM(X3:X57) | Y58: =SUM(Y3:Y57) | Z58: =SUM(Z3:Z57) | AA58: =SUM(AA3:AA57) | AG58: Total | AH58: =SUM(AH3:AH57) | AI58: =SUM(AI3:AI57) | AJ58: =SUM(AJ3:AJ57) | AK58: =SUM(AK3:AK57) | AO58: =EXACT(W58,AG58) | AP58: =EXACT(X58,AH58) | AQ58: =EXACT(Y58,AI58) | AR58: =EXACT(Z58,AJ58) | AS58: =EXACT(AA58,AK58)
A64: Additional HTML Files

Sheet FuSa_Charger
A1: SP18 | J1: SP21 | V1: SP21P | W1: Reference | AG1: SPxx SOPyyyy Gxx aaaa.bb
A2: SOP2207 | B2: SOP2211 | C2: SOP2307 | D2: SOP2407 | E2: SOP2503 | F2: SOP2507 | G2: SOP2603 | H2: SOP2311 | I2: SOP2403 | J2: SOP2207 | K2: SOP2207_I20 | L2: SOP2211 | M2: SOP2303 | N2: SOP2307 | O2: SOP2407 | P2: SOP2311 | Q2: SOP2403 | R2: SOP2503 | S2: SOP2507 | T2: SOP2511 | U2: SOP2603 | V2: SOP2607 | W2: Test Case | X2: Pass | Y2: Fail | Z2: OtherFail | AA2: Total | AB2: Time | AC2: TSR-ID | AD2: Status | AE2: Comment | AG2: Test Case | AH2: Pass | AI2: Fail | AJ2: OtherFail | AK2: Total | AL2: Time | AM2: Status | AN2: Comment | AO2: TC | AP2: Pass | AQ2: Fail | AR2: Other fail | AS2: Total
A3: Yes | B3: Yes | C3: Yes | D3: Yes | E3: Yes | F3: Yes | G3: Yes | H3: Yes | I3: Yes | J3: Yes | K3: Yes | L3: Yes | M3: Yes | N3: Yes | O3: Yes | P3: Yes | Q3: Yes | R3: Yes | S3: Yes | T3: Yes | U3: Yes | V3: Yes | W3: [COMMON][SYI_COMMON_002_001].html | X3: 19 | Y3: 7 | Z3: 0 | AA3: 26 | AC3: TSR-CCU-342 | AD3: Justify | AE3: Expect to be failed on TB5, due to EA Power Supply limitation In ENG09 Test Environment cannot simulate PFC/CHG Temperature below -5 C properly due to limitation of Test Environment, this point has been raised and discussed in the ticket KAP#122475. The issue is JUSTIFIED by MF as a test bench limitation and ENG.05 HW test case IDs will be referenced for Verification coverage. | AG3: [COMMON][SYI_COMMON_002_001].html | AH3: 19 | AI3: 7 | AJ3: 0 | AK3: 26 | AO3: =EXACT(W3,AG3) | AP3: =EXACT(X3,AH3) | AQ3: =EXACT(Y3,AI3) | AR3: =EXACT(Z3,AJ3) | AS3: =EXACT(AA3,AK3) | AT3: 0000BA6C_009_030_063 | AU3: 0000BA78_009_030_061
A4: No | B4: No | C4: No | D4: No | E4: No | F4: No | G4: No | H4: No | I4: No | J4: No | K4: No | L4: No | M4: No | N4: No | O4: No | P4: No | Q4: No | R4: No | S4: No | T4: No | U4: No | V4: No | W4: [SYI_AC3_001_001]Limiting the charging voltage on the HV DC circuit.html | X4: 3 | Y4: 0 | Z4: 0 | AA4: 3 | AC4: TSR-CCU-053 | AD4: Obsolete | AE4: Refer to ENG10 (Traceability matrix sheet ) | AO4: =EXACT(W4,AG4) | AP4: =EXACT(X4,AH4) | AQ4: =EXACT(Y4,AI4) | AR4: =EXACT(Z4,AJ4) | AS4: =EXACT(AA4,AK4)
A5: Yes | B5: Yes | C5: Yes | D5: Yes | E5: Yes | F5: Yes | G5: Yes | H5: Yes | I5: Yes | J5: Yes | K5: Yes | L5: Yes | M5: Yes | N5: Yes | O5: Yes | P5: Yes | Q5: Yes | R5: Yes | S5: Yes | T5: Yes | U5: Yes | V5: Yes | W5: [SYI_AC3_001_002]Limiting the charging voltage on the HV DC circuit.html | X5: 2 | Y5: 0 | Z5: 0 | AA5: 2 | AC5: TSR-CCU-055 | AG5: [SYI_AC3_001_002]Limiting the charging voltage on the HV DC circuit.html | AH5: 2 | AI5: 0 | AJ5: 0 | AK5: 2 | AO5: =EXACT(W5,AG5) | AP5: =EXACT(X5,AH5) | AQ5: =EXACT(Y5,AI5) | AR5: =EXACT(Z5,AJ5) | AS5: =EXACT(AA5,AK5) | AT5: 0000BA6C_009_030_063 | AU5: 0000BA78_009_030_061
A6: Yes | B6: Yes | C6: Yes | D6: Yes | E6: Yes | F6: Yes | G6: Yes | H6: Yes | I6: Yes | J6: Yes | K6: Yes | L6: Yes | M6: Yes | N6: Yes | O6: Yes | P6: Yes | Q6: Yes | R6: Yes | S6: Yes | T6: Yes | U6: Yes | V6: Yes | W6: [SYI_AC3_001_003]Limiting the charging voltage on the HV DC circuit.html | X6: 2 | Y6: 0 | Z6: 0 | AA6: 2 | AC6: TSR-CCU-014 | AG6: [SYI_AC3_001_003]Limiting the charging voltage on the HV DC circuit.html | AH6: 2 | AI6: 0 | AJ6: 0 | AK6: 2 | AO6: =EXACT(W6,AG6) | AP6: =EXACT(X6,AH6) | AQ6: =EXACT(Y6,AI6) | AR6: =EXACT(Z6,AJ6) | AS6: =EXACT(AA6,AK6) | AT6: 0000BA6C_009_030_063 | AU6: 0000BA78_009_030_061
A7: Yes | B7: Yes | C7: Yes | D7: Yes | E7: Yes | F7: Yes | G7: Yes | H7: Yes | I7: Yes | J7: Yes | K7: Yes | L7: Yes | M7: Yes | N7: Yes | O7: Yes | P7: Yes | Q7: Yes | R7: Yes | S7: Yes | T7: Yes | U7: Yes | V7: Yes | W7: [SYI_AC3_001_005]Limiting the charging voltage on the HV DC circuit.html | X7: 2 | Y7: 0 | Z7: 0 | AA7: 2 | AC7: TSR-CCU-028 | AG7: [SYI_AC3_001_005]Limiting the charging voltage on the HV DC circuit.html | AH7: 2 | AI7: 0 | AJ7: 0 | AK7: 2 | AO7: =EXACT(W7,AG7) | AP7: =EXACT(X7,AH7) | AQ7: =EXACT(Y7,AI7) | AR7: =EXACT(Z7,AJ7) | AS7: =EXACT(AA7,AK7) | AT7: 0000BA6C_009_030_063 | AU7: 0000BA78_009_030_061
A8: Yes | B8: Yes | C8: Yes | D8: Yes | E8: Yes | F8: Yes | G8: Yes | H8: Yes | I8: Yes | J8: Yes | K8: Yes | L8: Yes | M8: Yes | N8: Yes | O8: Yes | P8: Yes | Q8: Yes | R8: Yes | S8: Yes | T8: Yes | U8: Yes | V8: Yes | W8: [SYI_AC3_001_006]Limiting the charging voltage on the HV DC circuit.html | X8: 2 | Y8: 0 | Z8: 0 | AA8: 2 | AC8: TSR-CCU-029 | AG8: [SYI_AC3_001_006]Limiting the charging voltage on the HV DC circuit.html | AH8: 2 | AI8: 0 | AJ8: 0 | AK8: 2 | AO8: =EXACT(W8,AG8) | AP8: =EXACT(X8,AH8) | AQ8: =EXACT(Y8,AI8) | AR8: =EXACT(Z8,AJ8) | AS8: =EXACT(AA8,AK8) | AT8: 0000BA6C_009_030_063 | AU8: 0000BA78_009_030_061
A9: Yes | B9: Yes | C9: Yes | D9: Yes | E9: Yes | F9: Yes | G9: Yes | H9: Yes | I9: Yes | J9: Yes | K9: Yes | L9: Yes | M9: Yes | N9: Yes | O9: Yes | P9: Yes | Q9: Yes | R9: Yes | S9: Yes | T9: Yes | U9: Yes | V9: Yes | W9: [SYI_AC3_001_008]Limiting the charging voltage on the HV DC circuit.html | X9: 2 | Y9: 0 | Z9: 0 | AA9: 2 | AC9: TSR-CCU-001 | AG9: [SYI_AC3_001_008]Limiting the charging voltage on the HV DC circuit.html | AH9: 2 | AI9: 0 | AJ9: 0 | AK9: 2 | AO9: =EXACT(W9,AG9) | AP9: =EXACT(X9,AH9) | AQ9: =EXACT(Y9,AI9) | AR9: =EXACT(Z9,AJ9) | AS9: =EXACT(AA9,AK9) | AT9: 0000BA6C_009_030_063 | AU9: 0000BA78_009_030_061
A10: Yes | B10: Yes | C10: Yes | D10: Yes | E10: Yes | F10: Yes | G10: Yes | H10: Yes | I10: Yes | J10: Yes | K10: Yes | L10: Yes | M10: Yes | N10: Yes | O10: Yes | P10: Yes | Q10: Yes | R10: Yes | S10: Yes | T10: Yes | U10: Yes | V10: Yes | W10: [SYI_AC3_001_009]Limiting the charging voltage on the HV DC circuit.html | X10: 2 | Y10: 0 | Z10: 0 | AA10: 2 | AC10: TSR-CCU-003 | AG10: [SYI_AC3_001_009]Limiting the charging voltage on the HV DC circuit.html | AH10: 1 | AI10: 1 | AJ10: 4 | AK10: 2 | AO10: =EXACT(W10,AG10) | AP10: =EXACT(X10,AH10) | AQ10: =EXACT(Y10,AI10) | AR10: =EXACT(Z10,AJ10) | AS10: =EXACT(AA10,AK10) | AT10: 0000BA6C_009_030_063 | AU10: 0000BA78_009_030_061
A11: No | B11: No | C11: No | D11: No | E11: No | F11: No | G11: No | H11: No | I11: No | J11: No | K11: No | L11: No | M11: No | N11: No | O11: No | P11: No | Q11: No | R11: No | S11: No | T11: No | U11: No | V11: No | W11: [SYI_AC3_001_010]Limiting the charging voltage on the HV DC circuit.html | X11: 4 | Y11: 0 | Z11: 0 | AA11: 4 | AC11: TSR-CCU-054 | AD11: Obsolete | AE11: Refer to ENG10 (Traceability matrix sheet ) | AO11: =EXACT(W11,AG11) | AP11: =EXACT(X11,AH11) | AQ11: =EXACT(Y11,AI11) | AR11: =EXACT(Z11,AJ11) | AS11: =EXACT(AA11,AK11)
A12: Yes | B12: Yes | C12: Yes | D12: Yes | E12: Yes | F12: Yes | G12: Yes | H12: Yes | I12: Yes | J12: Yes | K12: Yes | L12: Yes | M12: Yes | N12: Yes | O12: Yes | P12: Yes | Q12: Yes | R12: Yes | S12: Yes | T12: Yes | U12: Yes | V12: Yes | W12: [SYI_AC3_001_011]Limiting the charging voltage on the HV DC circuit.html | X12: 2 | Y12: 0 | Z12: 0 | AA12: 2 | AC12: TSR-CCU-056 | AG12: [SYI_AC3_001_011]Limiting the charging voltage on the HV DC circuit.html | AH12: 2 | AI12: 0 | AJ12: 0 | AK12: 2 | AO12: =EXACT(W12,AG12) | AP12: =EXACT(X12,AH12) | AQ12: =EXACT(Y12,AI12) | AR12: =EXACT(Z12,AJ12) | AS12: =EXACT(AA12,AK12) | AT12: 0000BA6C_009_030_063 | AU12: 0000BA78_009_030_061
A13: Yes | B13: Yes | C13: Yes | D13: Yes | E13: Yes | F13: Yes | G13: Yes | H13: Yes | I13: Yes | J13: Yes | K13: Yes | L13: Yes | M13: Yes | N13: Yes | O13: Yes | P13: Yes | Q13: Yes | R13: Yes | S13: Yes | T13: Yes | U13: Yes | V13: Yes | W13: [SYI_AC3_001_012]Limiting the charging voltage on the HV DC circuit.html | X13: 2 | Y13: 0 | Z13: 0 | AA13: 2 | AC13: TSR-CCU-011 | AO13: =EXACT(W13,AG13) | AP13: =EXACT(X13,AH13) | AQ13: =EXACT(Y13,AI13) | AR13: =EXACT(Z13,AJ13) | AS13: =EXACT(AA13,AK13)
A14: Yes | B14: Yes | C14: Yes | D14: Yes | E14: Yes | F14: Yes | G14: Yes | H14: Yes | I14: Yes | J14: Yes | K14: Yes | L14: Yes | M14: Yes | N14: Yes | O14: Yes | P14: Yes | Q14: Yes | R14: Yes | S14: Yes | T14: Yes | U14: Yes | V14: Yes | W14: [SYI_AC3_002_001]HVDC voltage measurement plausibility check.html | X14: 3 | Y14: 0 | Z14: 0 | AA14: 3 | AC14: TSR-CCU-073 | AG14: [SYI_AC3_002_001]HVDC voltage measurement plausibility check.html | AH14: 3 | AI14: 0 | AJ14: 0 | AK14: 3 | AO14: =EXACT(W14,AG14) | AP14: =EXACT(X14,AH14) | AQ14: =EXACT(Y14,AI14) | AR14: =EXACT(Z14,AJ14) | AS14: =EXACT(AA14,AK14) | AT14: 0000BA6C_009_030_063 | AU14: 0000BA78_009_030_061
A15: Yes | B15: Yes | C15: Yes | D15: Yes | E15: Yes | F15: Yes | G15: Yes | H15: Yes | I15: Yes | J15: Yes | K15: Yes | L15: Yes | M15: Yes | N15: Yes | O15: Yes | P15: Yes | Q15: Yes | R15: Yes | S15: Yes | T15: Yes | U15: Yes | V15: Yes | W15: [SYI_AC3_002_002]HVDC voltage measurement plausibility check.html | X15: 7 | Y15: 0 | Z15: 0 | AA15: 7 | AC15: TSR-CCU-074 | AG15: [SYI_AC3_002_002]HVDC voltage measurement plausibility check.html | AH15: 7 | AI15: 0 | AJ15: 0 | AK15: 7 | AO15: =EXACT(W15,AG15) | AP15: =EXACT(X15,AH15) | AQ15: =EXACT(Y15,AI15) | AR15: =EXACT(Z15,AJ15) | AS15: =EXACT(AA15,AK15) | AT15: 0000BA6C_009_030_063 | AU15: 0000BA78_009_030_061
A16: Yes | B16: Yes | C16: Yes | D16: Yes | E16: Yes | F16: Yes | G16: Yes | H16: Yes | I16: Yes | J16: Yes | K16: Yes | L16: Yes | M16: Yes | N16: Yes | O16: Yes | P16: Yes | Q16: Yes | R16: Yes | S16: Yes | T16: Yes | U16: Yes | V16: Yes | W16: [SYI_AC3_002_003]HVDC voltage measurement plausibility check.html | X16: 2 | Y16: 0 | Z16: 0 | AA16: 2 | AC16: TSR-CCU-015 | AG16: [SYI_AC3_002_003]HVDC voltage measurement plausibility check.html | AH16: 1 | AI16: 1 | AJ16: 4 | AK16: 2 | AO16: =EXACT(W16,AG16) | AP16: =EXACT(X16,AH16) | AQ16: =EXACT(Y16,AI16) | AR16: =EXACT(Z16,AJ16) | AS16: =EXACT(AA16,AK16) | AT16: 0000BA6C_009_030_063 | AU16: 0000BA78_009_030_061
A17: Yes | B17: Yes | C17: Yes | D17: Yes | E17: Yes | F17: Yes | G17: Yes | H17: Yes | I17: Yes | J17: Yes | K17: Yes | L17: Yes | M17: Yes | N17: Yes | O17: Yes | P17: Yes | Q17: Yes | R17: Yes | S17: Yes | T17: Yes | U17: Yes | V17: Yes | W17: [SYI_AC3_002_005]HVDC voltage measurement plausibility check.html | X17: 2 | Y17: 0 | Z17: 0 | AA17: 2 | AC17: TSR-CCU-028 | AG17: [SYI_AC3_002_005]HVDC voltage measurement plausibility check.html | AH17: 2 | AI17: 0 | AJ17: 0 | AK17: 2 | AO17: =EXACT(W17,AG17) | AP17: =EXACT(X17,AH17) | AQ17: =EXACT(Y17,AI17) | AR17: =EXACT(Z17,AJ17) | AS17: =EXACT(AA17,AK17) | AT17: 0000BA6C_009_030_063 | AU17: 0000BA78_009_030_061
A18: Yes | B18: Yes | C18: Yes | D18: Yes | E18: Yes | F18: Yes | G18: Yes | H18: Yes | I18: Yes | J18: Yes | K18: Yes | L18: Yes | M18: Yes | N18: Yes | O18: Yes | P18: Yes | Q18: Yes | R18: Yes | S18: Yes | T18: Yes | U18: Yes | V18: Yes | W18: [SYI_AC3_002_006]HVDC voltage measurement plausibility check.html | X18: 2 | Y18: 0 | Z18: 0 | AA18: 2 | AC18: TSR-CCU-029 | AG18: [SYI_AC3_002_006]HVDC voltage measurement plausibility check.html | AH18: 2 | AI18: 0 | AJ18: 0 | AK18: 2 | AO18: =EXACT(W18,AG18) | AP18: =EXACT(X18,AH18) | AQ18: =EXACT(Y18,AI18) | AR18: =EXACT(Z18,AJ18) | AS18: =EXACT(AA18,AK18) | AT18: 0000BA6C_009_030_063 | AU18: 0000BA78_009_030_061
A19: Yes | B19: Yes | C19: Yes | D19: Yes | E19: Yes | F19: Yes | G19: Yes | H19: Yes | I19: Yes | J19: Yes | K19: Yes | L19: Yes | M19: Yes | N19: Yes | O19: Yes | P19: Yes | Q19: Yes | R19: Yes | S19: Yes | T19: Yes | U19: Yes | V19: Yes | W19: [SYI_AC3_002_008]HVDC voltage measurement plausibility check.html | X19: 2 | Y19: 0 | Z19: 0 | AA19: 2 | AC19: TSR-CCU-001 | AG19: [SYI_AC3_002_008]HVDC voltage measurement plausibility check.html | AH19: 2 | AI19: 0 | AJ19: 0 | AK19: 2 | AO19: =EXACT(W19,AG19) | AP19: =EXACT(X19,AH19) | AQ19: =EXACT(Y19,AI19) | AR19: =EXACT(Z19,AJ19) | AS19: =EXACT(AA19,AK19) | AT19: 0000BA6C_009_030_063 | AU19: 0000BA78_009_030_061
A20: Yes | B20: Yes | C20: Yes | D20: Yes | E20: Yes | F20: Yes | G20: Yes | H20: Yes | I20: Yes | J20: Yes | K20: Yes | L20: Yes | M20: Yes | N20: Yes | O20: Yes | P20: Yes | Q20: Yes | R20: Yes | S20: Yes | T20: Yes | U20: Yes | V20: Yes | W20: [SYI_AC3_002_009]HVDC voltage measurement plausibility check.html | X20: 2 | Y20: 0 | Z20: 0 | AA20: 2 | AC20: TSR-CCU-003 | AG20: [SYI_AC3_002_009]HVDC voltage measurement plausibility check.html | AH20: 2 | AI20: 0 | AJ20: 0 | AK20: 2 | AO20: =EXACT(W20,AG20) | AP20: =EXACT(X20,AH20) | AQ20: =EXACT(Y20,AI20) | AR20: =EXACT(Z20,AJ20) | AS20: =EXACT(AA20,AK20) | AT20: 0000BA6C_009_030_063 | AU20: 0000BA78_009_030_061
A21: Yes | B21: Yes | C21: Yes | D21: Yes | E21: Yes | F21: Yes | G21: Yes | H21: Yes | I21: Yes | J21: Yes | K21: Yes | L21: Yes | M21: Yes | N21: Yes | O21: Yes | P21: Yes | Q21: Yes | R21: Yes | S21: Yes | T21: Yes | U21: Yes | V21: Yes | W21: [SYI_AC3_002_010]HVDC voltage measurement plausibility check.html | X21: 2 | Y21: 0 | Z21: 0 | AA21: 2 | AC21: TSR-CCU-075 | AG21: [SYI_AC3_002_010]HVDC voltage measurement plausibility check.html | AH21: 2 | AI21: 0 | AJ21: 0 | AK21: 2 | AO21: =EXACT(W21,AG21) | AP21: =EXACT(X21,AH21) | AQ21: =EXACT(Y21,AI21) | AR21: =EXACT(Z21,AJ21) | AS21: =EXACT(AA21,AK21) | AT21: 0000BA6C_009_030_063 | AU21: 0000BA78_009_030_061
A22: Yes | B22: Yes | C22: Yes | D22: Yes | E22: Yes | F22: Yes | G22: Yes | H22: Yes | I22: Yes | J22: Yes | K22: Yes | L22: Yes | M22: Yes | N22: Yes | O22: Yes | P22: Yes | Q22: Yes | R22: Yes | S22: Yes | T22: Yes | U22: Yes | V22: Yes | W22: [SYI_AC3_002_011]HVDC voltage measurement plausibility check.html | X22: 6 | Y22: 0 | Z22: 0 | AA22: 6 | AC22: TSR-CCU-103 | AG22: [SYI_AC3_002_011]HVDC voltage measurement plausibility check.html | AH22: 6 | AI22: 0 | AJ22: 0 | AK22: 6 | AO22: =EXACT(W22,AG22) | AP22: =EXACT(X22,AH22) | AQ22: =EXACT(Y22,AI22) | AR22: =EXACT(Z22,AJ22) | AS22: =EXACT(AA22,AK22) | AT22: 0000BA6C_009_030_063 | AU22: 0000BA78_009_030_061
E23: Yes | F23: Yes | G23: Yes | H23: Yes | I23: Yes | J23: Yes | K23: Yes | L23: Yes | M23: Yes | N23: Yes | O23: Yes | P23: Yes | Q23: Yes | R23: Yes | S23: Yes | T23: Yes | U23: Yes | V23: Yes | W23: [SYI_AC3_002_011]HVDC voltage measurement plausibility check_HW3.0.html | X23: 6 | Y23: 0 | Z23: 0 | AA23: 6 | AC23: TSR-CCU-103 | AE23: This test case is created specifically for HWSOP3.0 Testing refer to Task #267871 | AO23: =EXACT(W23,AG23) | AP23: =EXACT(X23,AH23) | AQ23: =EXACT(Y23,AI23) | AR23: =EXACT(Z23,AJ23) | AS23: =EXACT(AA23,AK23)
A24: No | B24: No | C24: No | D24: No | E24: No | F24: No | G24: No | H24: No | I24: No | J24: No | K24: No | L24: No | M24: No | N24: No | O24: No | P24: No | Q24: No | R24: No | S24: No | T24: No | U24: No | V24: No | W24: [SYI_AC3_004_001]HVDC overvoltage detection.html | X24: 2 | Y24: 0 | Z24: 0 | AA24: 2 | AC24: TSR-CCU-475 | AD24: Obsolete | AE24: Refer to ENG10 (Traceability matrix sheet ) | AO24: =EXACT(W24,AG24) | AP24: =EXACT(X24,AH24) | AQ24: =EXACT(Y24,AI24) | AR24: =EXACT(Z24,AJ24) | AS24: =EXACT(AA24,AK24)
D25: Yes | E25: Yes | F25: Yes | G25: Yes | I25: Yes | O25: Yes | Q25: Yes | R25: Yes | S25: Yes | T25: Yes | U25: Yes | V25: Yes | W25: [SYI_AC3_003_001] | X25: 2 | Y25: 0 | Z25: 0 | AA25: 2 | AO25: =EXACT(W25,AG25) | AP25: =EXACT(X25,AH25) | AQ25: =EXACT(Y25,AI25) | AR25: =EXACT(Z25,AJ25) | AS25: =EXACT(AA25,AK25)
A26: Yes | B26: Yes | C26: Yes | D26: Yes | E26: Yes | F26: Yes | G26: Yes | H26: Yes | I26: Yes | J26: Yes | K26: Yes | L26: Yes | M26: Yes | N26: Yes | O26: Yes | P26: Yes | Q26: Yes | R26: Yes | S26: Yes | T26: Yes | U26: Yes | V26: Yes | W26: [SYI_AC3_004_002]HVDC overvoltage detection.html | X26: 2 | Y26: 0 | Z26: 0 | AA26: 2 | AC26: TSR-CCU-476 | AG26: [SYI_AC3_004_002]HVDC overvoltage detection.html | AH26: 2 | AI26: 0 | AJ26: 0 | AK26: 2 | AO26: =EXACT(W26,AG26) | AP26: =EXACT(X26,AH26) | AQ26: =EXACT(Y26,AI26) | AR26: =EXACT(Z26,AJ26) | AS26: =EXACT(AA26,AK26) | AT26: 0000BA6C_009_030_063 | AU26: 0000BA78_009_030_061
A27: Yes | B27: Yes | C27: Yes | D27: Yes | E27: Yes | F27: Yes | G27: Yes | H27: Yes | I27: Yes | J27: Yes | K27: Yes | L27: Yes | M27: Yes | N27: Yes | O27: Yes | P27: Yes | Q27: Yes | R27: Yes | S27: Yes | T27: Yes | U27: Yes | V27: Yes | W27: [SYI_AC3_004_003]HVDC overvoltage detection.html | X27: 2 | Y27: 0 | Z27: 0 | AA27: 2 | AC27: TSR-CCU-477 | AG27: [SYI_AC3_004_003]HVDC overvoltage detection.html | AH27: 2 | AI27: 0 | AJ27: 0 | AK27: 2 | AO27: =EXACT(W27,AG27) | AP27: =EXACT(X27,AH27) | AQ27: =EXACT(Y27,AI27) | AR27: =EXACT(Z27,AJ27) | AS27: =EXACT(AA27,AK27) | AT27: 0000BA6C_009_030_063 | AU27: 0000BA78_009_030_061
A28: Yes | B28: Yes | C28: Yes | D28: Yes | E28: Yes | F28: Yes | G28: Yes | H28: Yes | I28: Yes | J28: Yes | K28: Yes | L28: Yes | M28: Yes | N28: Yes | O28: Yes | P28: Yes | Q28: Yes | R28: Yes | S28: Yes | T28: Yes | U28: Yes | V28: Yes | W28: [SYI_AC3_004_004]HVDC overvoltage detection.html | X28: 2 | Y28: 0 | Z28: 0 | AA28: 2 | AC28: TSR-CCU-003 | AG28: [SYI_AC3_004_004]HVDC overvoltage detection.html | AH28: 2 | AI28: 0 | AJ28: 0 | AK28: 2 | AO28: =EXACT(W28,AG28) | AP28: =EXACT(X28,AH28) | AQ28: =EXACT(Y28,AI28) | AR28: =EXACT(Z28,AJ28) | AS28: =EXACT(AA28,AK28) | AT28: 0000BA6C_009_030_063 | AU28: 0000BA78_009_030_061
A29: Yes | B29: Yes | C29: Yes | D29: Yes | E29: Yes | F29: Yes | G29: Yes | H29: Yes | I29: Yes | J29: Yes | K29: Yes | L29: Yes | M29: Yes | N29: Yes | O29: Yes | P29: Yes | Q29: Yes | R29: Yes | S29: Yes | T29: Yes | U29: Yes | V29: Yes | W29: [SYI_AC3_004_005]HVDC overvoltage detection.html | X29: 2 | Y29: 0 | Z29: 0 | AA29: 2 | AC29: TSR-CCU-478 | AG29: [SYI_AC3_004_005]HVDC overvoltage detection.html | AH29: 2 | AI29: 0 | AJ29: 0 | AK29: 2 | AO29: =EXACT(W29,AG29) | AP29: =EXACT(X29,AH29) | AQ29: =EXACT(Y29,AI29) | AR29: =EXACT(Z29,AJ29) | AS29: =EXACT(AA29,AK29) | AT29: 0000BA6C_009_030_063 | AU29: 0000BA78_009_030_061
A30: Yes | B30: Yes | C30: Yes | D30: Yes | E30: Yes | F30: Yes | G30: Yes | H30: Yes | I30: Yes | J30: Yes | K30: Yes | L30: Yes | M30: Yes | N30: Yes | O30: Yes | P30: Yes | Q30: Yes | R30: Yes | S30: Yes | T30: Yes | U30: Yes | V30: Yes | W30: [SYI_AC3_004_006]HVDC overvoltage detection.html | X30: 2 | Y30: 0 | Z30: 0 | AA30: 2 | AC30: TSR-CCU-479 | AG30: [SYI_AC3_004_006]HVDC overvoltage detection.html | AH30: 2 | AI30: 0 | AJ30: 0 | AK30: 2 | AO30: =EXACT(W30,AG30) | AP30: =EXACT(X30,AH30) | AQ30: =EXACT(Y30,AI30) | AR30: =EXACT(Z30,AJ30) | AS30: =EXACT(AA30,AK30) | AT30: 0000BA6C_009_030_063 | AU30: 0000BA78_009_030_061
A31: Yes | B31: Yes | C31: Yes | D31: Yes | E31: Yes | F31: Yes | G31: Yes | H31: Yes | I31: Yes | J31: Yes | K31: Yes | L31: Yes | M31: Yes | N31: Yes | O31: Yes | P31: Yes | Q31: Yes | R31: Yes | S31: Yes | T31: Yes | U31: Yes | V31: Yes | W31: [SYI_AC3_004_007]HVDC overvoltage detection.html | X31: 6 | Y31: 0 | Z31: 0 | AA31: 6 | AC31: TSR-CCU-710 | AG31: [SYI_AC3_004_007]HVDC overvoltage detection.html | AH31: 6 | AI31: 0 | AJ31: 0 | AK31: 6 | AO31: =EXACT(W31,AG31) | AP31: =EXACT(X31,AH31) | AQ31: =EXACT(Y31,AI31) | AR31: =EXACT(Z31,AJ31) | AS31: =EXACT(AA31,AK31) | AT31: 0000BA6C_009_030_063 | AU31: 0000BA78_009_030_061
A32: Yes | B32: Yes | C32: Yes | D32: Yes | E32: Yes | F32: Yes | G32: Yes | H32: Yes | I32: Yes | J32: Yes | K32: Yes | L32: Yes | M32: Yes | N32: Yes | O32: Yes | P32: Yes | Q32: Yes | R32: Yes | S32: Yes | T32: Yes | U32: Yes | V32: Yes | W32: [SYI_AC4_001_001]Contact protection for AC charging.html | X32: 3 | Y32: 0 | Z32: 0 | AA32: 3 | AC32: TSR-CCU-057 | AG32: [SYI_AC4_001_001]Contact protection for AC charging.html | AH32: 3 | AI32: 0 | AJ32: 0 | AK32: 3 | AO32: =EXACT(W32,AG32) | AP32: =EXACT(X32,AH32) | AQ32: =EXACT(Y32,AI32) | AR32: =EXACT(Z32,AJ32) | AS32: =EXACT(AA32,AK32) | AT32: 0000BA6C_009_030_063 | AU32: 0000BA78_009_030_061
A33: Yes | B33: Yes | C33: Yes | D33: Yes | E33: Yes | F33: Yes | G33: Yes | H33: Yes | I33: Yes | J33: Yes | K33: Yes | L33: Yes | M33: Yes | N33: Yes | O33: Yes | P33: Yes | Q33: Yes | R33: Yes | S33: Yes | T33: Yes | U33: Yes | V33: Yes | W33: [SYI_AC4_001_003]Contact protection for AC charging.html | X33: 3 | Y33: 0 | Z33: 0 | AA33: 3 | AC33: TSR-CCU-058 | AG33: [SYI_AC4_001_003]Contact protection for AC charging.html | AH33: 1 | AI33: 2 | AJ33: 0 | AK33: 3 | AO33: =EXACT(W33,AG33) | AP33: =EXACT(X33,AH33) | AQ33: =EXACT(Y33,AI33) | AR33: =EXACT(Z33,AJ33) | AS33: =EXACT(AA33,AK33) | AT33: 0000BA6C_009_030_063 | AU33: 0000BA78_009_030_061
A34: Yes | B34: Yes | C34: Yes | D34: Yes | E34: Yes | F34: Yes | G34: Yes | H34: Yes | I34: Yes | J34: Yes | K34: Yes | L34: Yes | M34: Yes | N34: Yes | O34: Yes | P34: Yes | Q34: Yes | R34: Yes | S34: Yes | T34: Yes | U34: Yes | V34: Yes | W34: [SYI_AC4_002_001]AC voltage measurement plausibility check.html | X34: 3 | Y34: 0 | Z34: 0 | AA34: 3 | AC34: TSR-CCU-076 | AG34: [SYI_AC4_002_001]AC voltage measurement plausibility check.html | AH34: 3 | AI34: 0 | AJ34: 0 | AK34: 3 | AO34: =EXACT(W34,AG34) | AP34: =EXACT(X34,AH34) | AQ34: =EXACT(Y34,AI34) | AR34: =EXACT(Z34,AJ34) | AS34: =EXACT(AA34,AK34) | AT34: 0000BA6C_009_030_063 | AU34: 0000BA78_009_030_061
A35: Yes | B35: Yes | C35: Yes | D35: Yes | E35: Yes | F35: Yes | G35: Yes | H35: Yes | I35: Yes | J35: Yes | K35: Yes | L35: Yes | M35: Yes | N35: Yes | O35: Yes | P35: Yes | Q35: Yes | R35: Yes | S35: Yes | T35: Yes | U35: Yes | V35: Yes | W35: [SYI_AC4_002_002]AC voltage measurement plausibility check.html | X35: 9 | Y35: 0 | Z35: 0 | AA35: 9 | AC35: TSR-CCU-077 | AG35: [SYI_AC4_002_002]AC voltage measurement plausibility check.html | AH35: 9 | AI35: 0 | AJ35: 9 | AK35: 9 | AO35: =EXACT(W35,AG35) | AP35: =EXACT(X35,AH35) | AQ35: =EXACT(Y35,AI35) | AR35: =EXACT(Z35,AJ35) | AS35: =EXACT(AA35,AK35) | AT35: 0000BA6C_009_030_063 | AU35: 0000BA78_009_030_061
A36: No | B36: No | C36: No | D36: No | E36: No | F36: No | G36: No | H36: No | I36: No | J36: No | K36: No | L36: No | M36: No | N36: No | O36: No | P36: No | Q36: No | R36: No | S36: No | T36: No | U36: No | V36: No | W36: [SYI_AC4_002_003]AC voltage measurement plausibility check.html | X36: 6 | Y36: 0 | Z36: 0 | AA36: 6 | AC36: TSR-CCU-079 | AD36: Obsolete | AE36: Refer to ENG 08 SWQT_050_001_005 (Traceability matrix sheet ) | AO36: =EXACT(W36,AG36) | AP36: =EXACT(X36,AH36) | AQ36: =EXACT(Y36,AI36) | AR36: =EXACT(Z36,AJ36) | AS36: =EXACT(AA36,AK36)
A37: Yes | B37: Yes | C37: Yes | D37: Yes | E37: Yes | F37: Yes | G37: Yes | H37: Yes | I37: Yes | J37: Yes | K37: Yes | L37: Yes | M37: Yes | N37: Yes | O37: Yes | P37: Yes | Q37: Yes | R37: Yes | S37: Yes | T37: Yes | U37: Yes | V37: Yes | W37: [SYI_AC4_002_004]AC voltage measurement plausibility check.html | X37: 3 | Y37: 0 | Z37: 0 | AA37: 3 | AC37: TSR-CCU-089 | AG37: [SYI_AC4_002_004]AC voltage measurement plausibility check.html | AH37: 3 | AI37: 0 | AJ37: 3 | AK37: 3 | AO37: =EXACT(W37,AG37) | AP37: =EXACT(X37,AH37) | AQ37: =EXACT(Y37,AI37) | AR37: =EXACT(Z37,AJ37) | AS37: =EXACT(AA37,AK37) | AT37: 0000BA6C_009_030_063 | AU37: 0000BA78_009_030_061
A38: Yes | B38: Yes | C38: Yes | D38: Yes | E38: Yes | F38: Yes | G38: Yes | H38: Yes | I38: Yes | J38: Yes | K38: Yes | L38: Yes | M38: Yes | N38: Yes | O38: Yes | P38: Yes | Q38: Yes | R38: Yes | S38: Yes | T38: Yes | U38: Yes | V38: Yes | W38: [SYI_AC4_003_001]AC passive discharge circuit failure detection.html | X38: 3 | Y38: 0 | Z38: 0 | AA38: 3 | AC38: TSR-CCU-080 | AO38: =EXACT(W38,AG38) | AP38: =EXACT(X38,AH38) | AQ38: =EXACT(Y38,AI38) | AR38: =EXACT(Z38,AJ38) | AS38: =EXACT(AA38,AK38)
A39: Yes | B39: Yes | C39: Yes | D39: Yes | E39: Yes | F39: Yes | G39: Yes | H39: Yes | I39: Yes | J39: Yes | K39: Yes | L39: Yes | M39: Yes | N39: Yes | O39: Yes | P39: Yes | Q39: Yes | R39: Yes | S39: Yes | T39: Yes | U39: Yes | V39: Yes | W39: [SYI_AC4_003_002]AC passive discharge circuit failure detection.html | X39: 3 | Y39: 0 | Z39: 0 | AA39: 3 | AC39: TSR-CCU-081 | AO39: =EXACT(W39,AG39) | AP39: =EXACT(X39,AH39) | AQ39: =EXACT(Y39,AI39) | AR39: =EXACT(Z39,AJ39) | AS39: =EXACT(AA39,AK39)
A40: Yes | B40: Yes | C40: Yes | D40: Yes | E40: Yes | F40: Yes | G40: Yes | H40: Yes | I40: Yes | J40: Yes | K40: Yes | L40: Yes | M40: Yes | N40: Yes | O40: Yes | P40: Yes | Q40: Yes | R40: Yes | S40: Yes | T40: Yes | U40: Yes | V40: Yes | W40: [SYI_AC4_003_003]AC passive discharge circuit failure detection.html | X40: 3 | Y40: 0 | Z40: 0 | AA40: 3 | AC40: TSR-CCU-085 | AO40: =EXACT(W40,AG40) | AP40: =EXACT(X40,AH40) | AQ40: =EXACT(Y40,AI40) | AR40: =EXACT(Z40,AJ40) | AS40: =EXACT(AA40,AK40)
E41: Yes | F41: Yes | G41: Yes | H41: Yes | I41: Yes | J41: Yes | K41: Yes | L41: Yes | M41: Yes | N41: Yes | O41: Yes | P41: Yes | Q41: Yes | R41: Yes | S41: Yes | T41: Yes | U41: Yes | V41: Yes | W41: [SYI_AC4_003_003]AC passive discharge circuit failure detection_NACS.html | X41: 3 | Y41: 0 | Z41: 0 | AA41: 3 | AC41: TSR-CCU-085 | AE41: This test case is created specifically for HWSOP3.0 Testing refer to Task #258433 | AO41: =EXACT(W41,AG41) | AP41: =EXACT(X41,AH41) | AQ41: =EXACT(Y41,AI41) | AR41: =EXACT(Z41,AJ41) | AS41: =EXACT(AA41,AK41)
A42: Yes | B42: Yes | C42: Yes | D42: Yes | E42: Yes | F42: Yes | G42: Yes | H42: Yes | I42: Yes | J42: Yes | K42: Yes | L42: Yes | M42: Yes | N42: Yes | O42: Yes | P42: Yes | Q42: Yes | R42: Yes | S42: Yes | T42: Yes | U42: Yes | V42: Yes | W42: [SYI_AC6_001_001]Limiting the DC charging current.html | X42: 6 | Y42: 0 | Z42: 0 | AA42: 6 | AC42: TSR-CCU-049 | AG42: [SYI_AC6_001_001]Limiting the DC charging current.html | AH42: 6 | AI42: 0 | AJ42: 0 | AK42: 6 | AO42: =EXACT(W42,AG42) | AP42: =EXACT(X42,AH42) | AQ42: =EXACT(Y42,AI42) | AR42: =EXACT(Z42,AJ42) | AS42: =EXACT(AA42,AK42) | AT42: 0000BA6C_009_030_063 | AU42: 0000BA78_009_030_061
A43: Yes | B43: Yes | C43: Yes | D43: Yes | E43: Yes | F43: Yes | G43: Yes | H43: Yes | I43: Yes | J43: Yes | K43: Yes | L43: Yes | M43: Yes | N43: Yes | O43: Yes | P43: Yes | Q43: Yes | R43: Yes | S43: Yes | T43: Yes | U43: Yes | V43: Yes | W43: [SYI_AC6_001_002]Limiting the DC charging current.html | X43: 4 | Y43: 0 | Z43: 0 | AA43: 4 | AC43: TSR-CCU-051 | AG43: [SYI_AC6_001_002]Limiting the DC charging current.html | AH43: 4 | AI43: 0 | AJ43: 0 | AK43: 4 | AO43: =EXACT(W43,AG43) | AP43: =EXACT(X43,AH43) | AQ43: =EXACT(Y43,AI43) | AR43: =EXACT(Z43,AJ43) | AS43: =EXACT(AA43,AK43) | AT43: 0000BA6C_009_030_063 | AU43: 0000BA78_009_030_061
A44: Yes | B44: Yes | C44: Yes | D44: Yes | E44: Yes | F44: Yes | G44: Yes | H44: Yes | I44: Yes | J44: Yes | K44: Yes | L44: Yes | M44: Yes | N44: Yes | O44: Yes | P44: Yes | Q44: Yes | R44: Yes | S44: Yes | T44: Yes | U44: Yes | V44: Yes | W44: [SYI_AC6_001_003]Limiting the DC charging current.html | X44: 8 | Y44: 0 | Z44: 0 | AA44: 8 | AC44: TSR-CCU-432 | AG44: [SYI_AC6_001_003]Limiting the DC charging current.html | AH44: 8 | AI44: 0 | AJ44: 0 | AK44: 8 | AO44: =EXACT(W44,AG44) | AP44: =EXACT(X44,AH44) | AQ44: =EXACT(Y44,AI44) | AR44: =EXACT(Z44,AJ44) | AS44: =EXACT(AA44,AK44) | AT44: 0000BA6C_009_030_063 | AU44: 0000BA78_009_030_061
A45: Yes | B45: Yes | C45: Yes | D45: Yes | E45: Yes | F45: Yes | G45: Yes | H45: Yes | I45: Yes | J45: Yes | K45: Yes | L45: Yes | M45: Yes | N45: Yes | O45: Yes | P45: Yes | Q45: Yes | R45: Yes | S45: Yes | T45: Yes | U45: Yes | V45: Yes | W45: [SYI_AC6_001_005]Limiting the DC charging current.html | X45: 8 | Y45: 0 | Z45: 0 | AA45: 8 | AC45: TSR-CCU-028 | AG45: [SYI_AC6_001_005]Limiting the DC charging current.html | AH45: 7 | AI45: 1 | AJ45: 4 | AK45: 8 | AO45: =EXACT(W45,AG45) | AP45: =EXACT(X45,AH45) | AQ45: =EXACT(Y45,AI45) | AR45: =EXACT(Z45,AJ45) | AS45: =EXACT(AA45,AK45) | AT45: 0000BA6C_009_030_063 | AU45: 0000BA78_009_030_061
A46: Yes | B46: Yes | C46: Yes | D46: Yes | E46: Yes | F46: Yes | G46: Yes | H46: Yes | I46: Yes | J46: Yes | K46: Yes | L46: Yes | M46: Yes | N46: Yes | O46: Yes | P46: Yes | Q46: Yes | R46: Yes | S46: Yes | T46: Yes | U46: Yes | V46: Yes | W46: [SYI_AC6_001_006]Limiting the DC charging current.html | X46: 8 | Y46: 0 | Z46: 0 | AA46: 8 | AC46: TSR-CCU-029 | AG46: [SYI_AC6_001_006]Limiting the DC charging current.html | AH46: 7 | AI46: 1 | AJ46: 4 | AK46: 8 | AO46: =EXACT(W46,AG46) | AP46: =EXACT(X46,AH46) | AQ46: =EXACT(Y46,AI46) | AR46: =EXACT(Z46,AJ46) | AS46: =EXACT(AA46,AK46) | AT46: 0000BA6C_009_030_063 | AU46: 0000BA78_009_030_061
A47: Yes | B47: Yes | C47: Yes | D47: Yes | E47: Yes | F47: Yes | G47: Yes | H47: Yes | I47: Yes | J47: Yes | K47: Yes | L47: Yes | M47: Yes | N47: Yes | O47: Yes | P47: Yes | Q47: Yes | R47: Yes | S47: Yes | T47: Yes | U47: Yes | V47: Yes | W47: [SYI_AC6_001_008]Limiting the DC charging current.html | X47: 8 | Y47: 0 | Z47: 0 | AA47: 8 | AC47: TSR-CCU-001 | AG47: [SYI_AC6_001_008]Limiting the DC charging current.html | AH47: 8 | AI47: 0 | AJ47: 0 | AK47: 8 | AO47: =EXACT(W47,AG47) | AP47: =EXACT(X47,AH47) | AQ47: =EXACT(Y47,AI47) | AR47: =EXACT(Z47,AJ47) | AS47: =EXACT(AA47,AK47) | AT47: 0000BA6C_009_030_063 | AU47: 0000BA78_009_030_061
A48: Yes | B48: Yes | C48: Yes | D48: Yes | E48: Yes | F48: Yes | G48: Yes | H48: Yes | I48: Yes | J48: Yes | K48: Yes | L48: Yes | M48: Yes | N48: Yes | O48: Yes | P48: Yes | Q48: Yes | R48: Yes | S48: Yes | T48: Yes | U48: Yes | V48: Yes | W48: [SYI_AC6_001_009]Limiting the DC charging current.html | X48: 8 | Y48: 0 | Z48: 0 | AA48: 8 | AC48: TSR-CCU-003 | AG48: [SYI_AC6_001_009]Limiting the DC charging current.html | AH48: 8 | AI48: 0 | AJ48: 0 | AK48: 8 | AO48: =EXACT(W48,AG48) | AP48: =EXACT(X48,AH48) | AQ48: =EXACT(Y48,AI48) | AR48: =EXACT(Z48,AJ48) | AS48: =EXACT(AA48,AK48) | AT48: 0000BA6C_009_030_063 | AU48: 0000BA78_009_030_061
A49: Yes | B49: Yes | C49: Yes | D49: Yes | E49: Yes | F49: Yes | G49: Yes | H49: Yes | I49: Yes | J49: Yes | K49: Yes | L49: Yes | M49: Yes | N49: Yes | O49: Yes | P49: Yes | Q49: Yes | R49: Yes | S49: Yes | T49: Yes | U49: Yes | V49: Yes | W49: [SYI_AC6_001_010]Limiting the DC charging current.html | X49: 6 | Y49: 0 | Z49: 0 | AA49: 6 | AC49: TSR-CCU-050 | AG49: [SYI_AC6_001_010]Limiting the DC charging current.html | AH49: 6 | AI49: 0 | AJ49: 0 | AK49: 6 | AO49: =EXACT(W49,AG49) | AP49: =EXACT(X49,AH49) | AQ49: =EXACT(Y49,AI49) | AR49: =EXACT(Z49,AJ49) | AS49: =EXACT(AA49,AK49) | AT49: 0000BA6C_009_030_063 | AU49: 0000BA78_009_030_061
A50: Yes | B50: Yes | C50: Yes | D50: Yes | E50: Yes | F50: Yes | G50: Yes | H50: Yes | I50: Yes | J50: Yes | K50: Yes | L50: Yes | M50: Yes | N50: Yes | O50: Yes | P50: Yes | Q50: Yes | R50: Yes | S50: Yes | T50: Yes | U50: Yes | V50: Yes | W50: [SYI_AC6_001_011]Limiting the DC charging current.html | X50: 8 | Y50: 0 | Z50: 0 | AA50: 8 | AC50: TSR-CCU-052 | AG50: [SYI_AC6_001_011]Limiting the DC charging current.html | AH50: 4 | AI50: 4 | AJ50: 0 | AK50: 8 | AO50: =EXACT(W50,AG50) | AP50: =EXACT(X50,AH50) | AQ50: =EXACT(Y50,AI50) | AR50: =EXACT(Z50,AJ50) | AS50: =EXACT(AA50,AK50) | AT50: 0000BA6C_009_030_063 | AU50: 0000BA78_009_030_061
E51: Yes | F51: Yes | G51: Yes | H51: Yes | I51: Yes | J51: Yes | K51: Yes | L51: Yes | M51: Yes | N51: Yes | O51: Yes | P51: Yes | Q51: Yes | R51: Yes | S51: Yes | T51: Yes | U51: Yes | V51: Yes | W51: [SYI_AC6_001_011]Limiting the DC charging current_HW3.0.html | X51: 8 | Y51: 0 | Z51: 0 | AA51: 8 | AC51: TSR-CCU-052 | AE51: This test case is created specifically for HWSOP3.0 Testing refer to Task #267871 | AO51: =EXACT(W51,AG51) | AP51: =EXACT(X51,AH51) | AQ51: =EXACT(Y51,AI51) | AR51: =EXACT(Z51,AJ51) | AS51: =EXACT(AA51,AK51)
A52: Yes | B52: Yes | C52: Yes | D52: Yes | E52: Yes | F52: Yes | G52: Yes | H52: Yes | I52: Yes | J52: Yes | K52: Yes | L52: Yes | M52: Yes | N52: Yes | O52: Yes | P52: Yes | Q52: Yes | R52: Yes | S52: Yes | T52: Yes | U52: Yes | V52: Yes | W52: [SYI_AC6_001_012]Limiting the DC charging current.html | X52: 2 | Y52: 0 | Z52: 0 | AA52: 2 | AC52: TSR-CCU-011 | AO52: =EXACT(W52,AG52) | AP52: =EXACT(X52,AH52) | AQ52: =EXACT(Y52,AI52) | AR52: =EXACT(Z52,AJ52) | AS52: =EXACT(AA52,AK52)
A53: Yes | B53: Yes | C53: Yes | D53: Yes | E53: Yes | F53: Yes | G53: Yes | H53: Yes | I53: Yes | J53: Yes | K53: Yes | L53: Yes | M53: Yes | N53: Yes | O53: Yes | P53: Yes | Q53: Yes | R53: Yes | S53: Yes | T53: Yes | U53: Yes | V53: Yes | W53: [SYI_AC6_001_013]Limiting the DC charging current.html | X53: 4 | Y53: 0 | Z53: 0 | AA53: 4 | AC53: TSR-CCU-481 | AG53: [SYI_AC6_001_013]Limiting the DC charging current.html | AH53: 4 | AI53: 0 | AJ53: 0 | AK53: 4 | AO53: =EXACT(W53,AG53) | AP53: =EXACT(X53,AH53) | AQ53: =EXACT(Y53,AI53) | AR53: =EXACT(Z53,AJ53) | AS53: =EXACT(AA53,AK53) | AT53: 0000BA6C_009_030_063 | AU53: 0000BA78_009_030_061
A54: Yes | B54: Yes | C54: Yes | D54: Yes | E54: Yes | F54: Yes | G54: Yes | H54: Yes | I54: Yes | J54: Yes | K54: Yes | L54: Yes | M54: Yes | N54: Yes | O54: Yes | P54: Yes | Q54: Yes | R54: Yes | S54: Yes | T54: Yes | U54: Yes | V54: Yes | W54: [SYI_AC6_001_014]Limiting the DC charging current.html | X54: 4 | Y54: 0 | Z54: 0 | AA54: 4 | AC54: TSR-CCU-005 | AG54: [SYI_AC6_001_014]Limiting the DC charging current.html | AH54: 3 | AI54: 1 | AJ54: 0 | AK54: 4 | AO54: =EXACT(W54,AG54) | AP54: =EXACT(X54,AH54) | AQ54: =EXACT(Y54,AI54) | AR54: =EXACT(Z54,AJ54) | AS54: =EXACT(AA54,AK54) | AT54: 0000BA6C_009_030_063 | AU54: 0000BA78_009_030_061
A55: Yes | B55: Yes | C55: Yes | D55: Yes | E55: Yes | F55: Yes | G55: Yes | H55: Yes | I55: Yes | J55: Yes | K55: Yes | L55: Yes | M55: Yes | N55: Yes | O55: Yes | P55: Yes | Q55: Yes | R55: Yes | S55: Yes | T55: Yes | U55: Yes | V55: Yes | W55: [SYI_AC6_002_001]LT4 current measurement plausibility check.html | X55: 6 | Y55: 0 | Z55: 0 | AA55: 6 | AC55: TSR-CCU-070 | AG55: [SYI_AC6_002_001]LT4 current measurement plausibility check.html | AH55: 6 | AI55: 0 | AJ55: 4 | AK55: 6 | AO55: =EXACT(W55,AG55) | AP55: =EXACT(X55,AH55) | AQ55: =EXACT(Y55,AI55) | AR55: =EXACT(Z55,AJ55) | AS55: =EXACT(AA55,AK55) | AT55: 0000BA6C_009_030_063 | AU55: 0000BA78_009_030_061
A56: Yes | B56: Yes | C56: Yes | D56: Yes | E56: Yes | F56: Yes | G56: Yes | H56: Yes | I56: Yes | J56: Yes | K56: Yes | L56: Yes | M56: Yes | N56: Yes | O56: Yes | P56: Yes | Q56: Yes | R56: Yes | S56: Yes | T56: Yes | U56: Yes | V56: Yes | W56: [SYI_AC6_002_002]LT4 current measurement plausibility check.html | X56: 8 | Y56: 0 | Z56: 0 | AA56: 8 | AC56: TSR-CCU-071 | AG56: [SYI_AC6_002_002]LT4 current measurement plausibility check.html | AH56: 8 | AI56: 0 | AJ56: 0 | AK56: 8 | AO56: =EXACT(W56,AG56) | AP56: =EXACT(X56,AH56) | AQ56: =EXACT(Y56,AI56) | AR56: =EXACT(Z56,AJ56) | AS56: =EXACT(AA56,AK56) | AT56: 0000BA6C_009_030_063 | AU56: 0000BA78_009_030_061
A57: Yes | B57: Yes | C57: Yes | D57: Yes | E57: Yes | F57: Yes | G57: Yes | H57: Yes | I57: Yes | J57: Yes | K57: Yes | L57: Yes | M57: Yes | N57: Yes | O57: Yes | P57: Yes | Q57: Yes | R57: Yes | S57: Yes | T57: Yes | U57: Yes | V57: Yes | W57: [SYI_AC6_002_010]LT4 current measurement plausibility check.html | X57: 6 | Y57: 0 | Z57: 0 | AA57: 6 | AC57: TSR-CCU-072 | AG57: [SYI_AC6_002_010]LT4 current measurement plausibility check.html | AH57: 6 | AI57: 0 | AJ57: 0 | AK57: 6 | AO57: =EXACT(W57,AG57) | AP57: =EXACT(X57,AH57) | AQ57: =EXACT(Y57,AI57) | AR57: =EXACT(Z57,AJ57) | AS57: =EXACT(AA57,AK57) | AT57: 0000BA6C_009_030_063 | AU57: 0000BA78_009_030_061
A58: Yes | B58: Yes | C58: Yes | D58: Yes | E58: Yes | F58: Yes | G58: Yes | H58: Yes | I58: Yes | J58: Yes | K58: Yes | L58: Yes | M58: Yes | N58: Yes | O58: Yes | P58: Yes | Q58: Yes | R58: Yes | S58: Yes | T58: Yes | U58: Yes | V58: Yes | W58: [SYI_AC6_002_011]LT4 current measurement plausibility check.html | X58: 2 | Y58: 0 | Z58: 0 | AA58: 2 | AC58: TSR-CCU-106 | AG58: [SYI_AC6_002_011]LT4 current measurement plausibility check.html | AH58: 2 | AI58: 0 | AJ58: 0 | AK58: 2 | AO58: =EXACT(W58,AG58) | AP58: =EXACT(X58,AH58) | AQ58: =EXACT(Y58,AI58) | AR58: =EXACT(Z58,AJ58) | AS58: =EXACT(AA58,AK58) | AT58: 0000BA6C_009_030_063 | AU58: 0000BA78_009_030_061
A59: Yes | B59: Yes | C59: Yes | D59: Yes | E59: Yes | F59: Yes | G59: Yes | H59: Yes | I59: Yes | J59: Yes | K59: Yes | L59: Yes | M59: Yes | N59: Yes | O59: Yes | P59: Yes | Q59: Yes | R59: Yes | S59: Yes | T59: Yes | U59: Yes | V59: Yes | W59: [SYI_AC7_001_001]Limiting the AC charging current.html | X59: 3 | Y59: 0 | Z59: 0 | AA59: 3 | AC59: TSR-CCU-041 | AG59: [SYI_AC7_001_001]Limiting the AC charging current.html | AH59: 3 | AI59: 0 | AJ59: 0 | AK59: 3 | AO59: =EXACT(W59,AG59) | AP59: =EXACT(X59,AH59) | AQ59: =EXACT(Y59,AI59) | AR59: =EXACT(Z59,AJ59) | AS59: =EXACT(AA59,AK59) | AT59: 0000BA6C_009_030_063 | AU59: 0000BA78_009_030_061
A60: Yes | B60: Yes | C60: Yes | D60: Yes | E60: Yes | F60: Yes | G60: Yes | H60: Yes | I60: Yes | J60: Yes | K60: Yes | L60: Yes | M60: Yes | N60: Yes | O60: Yes | P60: Yes | Q60: Yes | R60: Yes | S60: Yes | T60: Yes | U60: Yes | V60: Yes | W60: [SYI_AC7_001_002]Limiting the AC charging current.html | X60: 8 | Y60: 0 | Z60: 0 | AA60: 8 | AC60: TSR-CCU-044 | AG60: [SYI_AC7_001_002]Limiting the AC charging current.html | AH60: 7 | AI60: 1 | AJ60: 4 | AK60: 8 | AO60: =EXACT(W60,AG60) | AP60: =EXACT(X60,AH60) | AQ60: =EXACT(Y60,AI60) | AR60: =EXACT(Z60,AJ60) | AS60: =EXACT(AA60,AK60) | AT60: 0000BA6C_009_030_063 | AU60: 0000BA78_009_030_061
E61: Yes | F61: Yes | G61: Yes | H61: Yes | I61: Yes | J61: Yes | K61: Yes | L61: Yes | M61: Yes | N61: Yes | O61: Yes | P61: Yes | Q61: Yes | R61: Yes | S61: Yes | T61: Yes | U61: Yes | V61: Yes | W61: [SYI_AC7_001_002]Limiting the AC charging current_HW3.0.html | X61: 8 | Y61: 0 | Z61: 0 | AA61: 8 | AC61: TSR-CCU-044 | AE61: This test case is created specifically for HWSOP3.0 Testing refer to Task #267871 | AO61: =EXACT(W61,AG61) | AP61: =EXACT(X61,AH61) | AQ61: =EXACT(Y61,AI61) | AR61: =EXACT(Z61,AJ61) | AS61: =EXACT(AA61,AK61)
A62: Yes | B62: Yes | C62: Yes | D62: Yes | E62: Yes | F62: Yes | G62: Yes | H62: Yes | I62: Yes | J62: Yes | K62: Yes | L62: Yes | M62: Yes | N62: Yes | O62: Yes | P62: Yes | Q62: Yes | R62: Yes | S62: Yes | T62: Yes | U62: Yes | V62: Yes | W62: [SYI_AC7_001_003]Limiting the AC charging current.html | X62: 3 | Y62: 0 | Z62: 0 | AA62: 3 | AC62: TSR-CCU-007 | AG62: [SYI_AC7_001_003]Limiting the AC charging current.html | AH62: 3 | AI62: 0 | AJ62: 0 | AK62: 3 | AO62: =EXACT(W62,AG62) | AP62: =EXACT(X62,AH62) | AQ62: =EXACT(Y62,AI62) | AR62: =EXACT(Z62,AJ62) | AS62: =EXACT(AA62,AK62) | AT62: 0000BA6C_009_030_063 | AU62: 0000BA78_009_030_061
E63: Yes | F63: Yes | G63: Yes | H63: Yes | I63: Yes | J63: Yes | K63: Yes | L63: Yes | M63: Yes | N63: Yes | O63: Yes | P63: Yes | Q63: Yes | R63: Yes | S63: Yes | T63: Yes | U63: Yes | V63: Yes | W63: [SYI_AC7_001_003]Limiting the AC charging current_HW3.0.html | X63: 3 | Y63: 0 | Z63: 0 | AA63: 3 | AC63: TSR-CCU-007 | AE63: This test case is created specifically for HWSOP3.0 Testing refer to Task #267871 | AO63: =EXACT(W63,AG63) | AP63: =EXACT(X63,AH63) | AQ63: =EXACT(Y63,AI63) | AR63: =EXACT(Z63,AJ63) | AS63: =EXACT(AA63,AK63)
A64: Yes | B64: Yes | C64: Yes | D64: Yes | E64: Yes | F64: Yes | G64: Yes | H64: Yes | I64: Yes | J64: Yes | K64: Yes | L64: Yes | M64: Yes | N64: Yes | O64: Yes | P64: Yes | Q64: Yes | R64: Yes | S64: Yes | T64: Yes | U64: Yes | V64: Yes | W64: [SYI_AC7_001_005]Limiting the AC charging current.html | X64: 3 | Y64: 0 | Z64: 0 | AA64: 3 | AC64: TSR-CCU-028 | AG64: [SYI_AC7_001_005]Limiting the AC charging current.html | AH64: 3 | AI64: 0 | AJ64: 0 | AK64: 3 | AO64: =EXACT(W64,AG64) | AP64: =EXACT(X64,AH64) | AQ64: =EXACT(Y64,AI64) | AR64: =EXACT(Z64,AJ64) | AS64: =EXACT(AA64,AK64) | AT64: 0000BA6C_009_030_063 | AU64: 0000BA78_009_030_061
E65: Yes | F65: Yes | G65: Yes | H65: Yes | I65: Yes | J65: Yes | K65: Yes | L65: Yes | M65: Yes | N65: Yes | O65: Yes | P65: Yes | Q65: Yes | R65: Yes | S65: Yes | T65: Yes | U65: Yes | V65: Yes | W65: [SYI_AC7_001_005]Limiting the AC charging current_HW3.0.html | X65: 3 | Y65: 0 | Z65: 0 | AA65: 3 | AC65: TSR-CCU-028 | AE65: This test case is created specifically for HWSOP3.0 Testing refer to Task #267871 | AO65: =EXACT(W65,AG65) | AP65: =EXACT(X65,AH65) | AQ65: =EXACT(Y65,AI65) | AR65: =EXACT(Z65,AJ65) | AS65: =EXACT(AA65,AK65)
A66: Yes | B66: Yes | C66: Yes | D66: Yes | E66: Yes | F66: Yes | G66: Yes | H66: Yes | I66: Yes | J66: Yes | K66: Yes | L66: Yes | M66: Yes | N66: Yes | O66: Yes | P66: Yes | Q66: Yes | R66: Yes | S66: Yes | T66: Yes | U66: Yes | V66: Yes | W66: [SYI_AC7_001_006]Limiting the AC charging current.html | X66: 3 | Y66: 0 | Z66: 0 | AA66: 3 | AC66: TSR-CCU-029 | AG66: [SYI_AC7_001_006]Limiting the AC charging current.html | AH66: 3 | AI66: 0 | AJ66: 0 | AK66: 3 | AO66: =EXACT(W66,AG66) | AP66: =EXACT(X66,AH66) | AQ66: =EXACT(Y66,AI66) | AR66: =EXACT(Z66,AJ66) | AS66: =EXACT(AA66,AK66) | AT66: 0000BA6C_009_030_063 | AU66: 0000BA78_009_030_061
E67: Yes | F67: Yes | G67: Yes | H67: Yes | I67: Yes | J67: Yes | K67: Yes | L67: Yes | M67: Yes | N67: Yes | O67: Yes | P67: Yes | Q67: Yes | R67: Yes | S67: Yes | T67: Yes | U67: Yes | V67: Yes | W67: [SYI_AC7_001_006]Limiting the AC charging current_HW3.0.html | X67: 3 | Y67: 0 | Z67: 0 | AA67: 3 | AC67: TSR-CCU-029 | AE67: This test case is created specifically for HWSOP3.0 Testing refer to Task #267871 | AO67: =EXACT(W67,AG67) | AP67: =EXACT(X67,AH67) | AQ67: =EXACT(Y67,AI67) | AR67: =EXACT(Z67,AJ67) | AS67: =EXACT(AA67,AK67)
A68: Yes | B68: Yes | C68: Yes | D68: Yes | E68: Yes | F68: Yes | G68: Yes | H68: Yes | I68: Yes | J68: Yes | K68: Yes | L68: Yes | M68: Yes | N68: Yes | O68: Yes | P68: Yes | Q68: Yes | R68: Yes | S68: Yes | T68: Yes | U68: Yes | V68: Yes | W68: [SYI_AC7_001_008]Limiting the AC charging current.html | X68: 3 | Y68: 0 | Z68: 0 | AA68: 3 | AC68: TSR-CCU-001 | AG68: [SYI_AC7_001_008]Limiting the AC charging current.html | AH68: 3 | AI68: 0 | AJ68: 0 | AK68: 3 | AO68: =EXACT(W68,AG68) | AP68: =EXACT(X68,AH68) | AQ68: =EXACT(Y68,AI68) | AR68: =EXACT(Z68,AJ68) | AS68: =EXACT(AA68,AK68) | AT68: 0000BA6C_009_030_063 | AU68: 0000BA78_009_030_061
E69: Yes | F69: Yes | G69: Yes | H69: Yes | I69: Yes | J69: Yes | K69: Yes | L69: Yes | M69: Yes | N69: Yes | O69: Yes | P69: Yes | Q69: Yes | R69: Yes | S69: Yes | T69: Yes | U69: Yes | V69: Yes | W69: [SYI_AC7_001_008]Limiting the AC charging current_HW3.0.html | X69: 3 | Y69: 0 | Z69: 0 | AA69: 3 | AC69: TSR-CCU-001 | AE69: This test case is created specifically for HWSOP3.0 Testing refer to Task #267871 | AO69: =EXACT(W69,AG69) | AP69: =EXACT(X69,AH69) | AQ69: =EXACT(Y69,AI69) | AR69: =EXACT(Z69,AJ69) | AS69: =EXACT(AA69,AK69)
A70: Yes | B70: Yes | C70: Yes | D70: Yes | E70: Yes | F70: Yes | G70: Yes | H70: Yes | I70: Yes | J70: Yes | K70: Yes | L70: Yes | M70: Yes | N70: Yes | O70: Yes | P70: Yes | Q70: Yes | R70: Yes | S70: Yes | T70: Yes | U70: Yes | V70: Yes | W70: [SYI_AC7_001_009]Limiting the AC charging current.html | X70: 3 | Y70: 0 | Z70: 0 | AA70: 3 | AC70: TSR-CCU-003 | AG70: [SYI_AC7_001_009]Limiting the AC charging current.html | AH70: 3 | AI70: 0 | AJ70: 0 | AK70: 3 | AO70: =EXACT(W70,AG70) | AP70: =EXACT(X70,AH70) | AQ70: =EXACT(Y70,AI70) | AR70: =EXACT(Z70,AJ70) | AS70: =EXACT(AA70,AK70) | AT70: 0000BA6C_009_030_063 | AU70: 0000BA78_009_030_061
E71: Yes | F71: Yes | G71: Yes | H71: Yes | I71: Yes | J71: Yes | K71: Yes | L71: Yes | M71: Yes | N71: Yes | O71: Yes | P71: Yes | Q71: Yes | R71: Yes | S71: Yes | T71: Yes | U71: Yes | V71: Yes | W71: [SYI_AC7_001_009]Limiting the AC charging current_HW3.0.html | X71: 3 | Y71: 0 | Z71: 0 | AA71: 3 | AC71: TSR-CCU-003 | AE71: This test case is created specifically for HWSOP3.0 Testing refer to Task #267871 | AO71: =EXACT(W71,AG71) | AP71: =EXACT(X71,AH71) | AQ71: =EXACT(Y71,AI71) | AR71: =EXACT(Z71,AJ71) | AS71: =EXACT(AA71,AK71)
A72: Yes | B72: Yes | C72: Yes | D72: Yes | E72: Yes | F72: Yes | G72: Yes | H72: Yes | I72: Yes | J72: Yes | K72: Yes | L72: Yes | M72: Yes | N72: Yes | O72: Yes | P72: Yes | Q72: Yes | R72: Yes | S72: Yes | T72: Yes | U72: Yes | V72: Yes | W72: [SYI_AC7_001_010]Limiting the AC charging current.html | X72: 3 | Y72: 0 | Z72: 0 | AA72: 3 | AC72: TSR-CCU-042 | AG72: [SYI_AC7_001_010]Limiting the AC charging current.html | AH72: 3 | AI72: 0 | AJ72: 0 | AK72: 3 | AO72: =EXACT(W72,AG72) | AP72: =EXACT(X72,AH72) | AQ72: =EXACT(Y72,AI72) | AR72: =EXACT(Z72,AJ72) | AS72: =EXACT(AA72,AK72) | AT72: 0000BA6C_009_030_063 | AU72: 0000BA78_009_030_061
A73: Yes | B73: Yes | C73: Yes | D73: Yes | E73: Yes | F73: Yes | G73: Yes | H73: Yes | I73: Yes | J73: Yes | K73: Yes | L73: Yes | M73: Yes | N73: Yes | O73: Yes | P73: Yes | Q73: Yes | R73: Yes | S73: Yes | T73: Yes | U73: Yes | V73: Yes | W73: [SYI_AC7_001_011]Limiting the AC charging current.html | X73: 3 | Y73: 0 | Z73: 0 | AA73: 3 | AC73: TSR-CCU-045 | AG73: [SYI_AC7_001_011]Limiting the AC charging current.html | AH73: 3 | AI73: 0 | AJ73: 0 | AK73: 3 | AO73: =EXACT(W73,AG73) | AP73: =EXACT(X73,AH73) | AQ73: =EXACT(Y73,AI73) | AR73: =EXACT(Z73,AJ73) | AS73: =EXACT(AA73,AK73) | AT73: 0000BA6C_009_030_063 | AU73: 0000BA78_009_030_061
E74: Yes | F74: Yes | G74: Yes | H74: Yes | I74: Yes | J74: Yes | K74: Yes | L74: Yes | M74: Yes | N74: Yes | O74: Yes | P74: Yes | Q74: Yes | R74: Yes | S74: Yes | T74: Yes | U74: Yes | V74: Yes | W74: [SYI_AC7_001_011]Limiting the AC charging current_HW3.0.html | X74: 3 | Y74: 0 | Z74: 0 | AA74: 3 | AC74: TSR-CCU-045 | AE74: This test case is created specifically for HWSOP3.0 Testing refer to Task #267871 | AO74: =EXACT(W74,AG74) | AP74: =EXACT(X74,AH74) | AQ74: =EXACT(Y74,AI74) | AR74: =EXACT(Z74,AJ74) | AS74: =EXACT(AA74,AK74)
A75: Yes | B75: Yes | C75: Yes | D75: Yes | E75: Yes | F75: Yes | G75: Yes | H75: Yes | I75: Yes | J75: Yes | K75: Yes | L75: Yes | M75: Yes | N75: Yes | O75: Yes | P75: Yes | Q75: Yes | R75: Yes | S75: Yes | T75: Yes | U75: Yes | V75: Yes | W75: [SYI_AC7_001_013]Limiting the AC charging current.html | X75: 3 | Y75: 0 | Z75: 0 | AA75: 3 | AC75: TSR-CCU-011 | AO75: =EXACT(W75,AG75) | AP75: =EXACT(X75,AH75) | AQ75: =EXACT(Y75,AI75) | AR75: =EXACT(Z75,AJ75) | AS75: =EXACT(AA75,AK75)
A76: Yes | B76: Yes | C76: Yes | D76: No | E76: No | F76: No | G76: No | H76: No | I76: No | J76: No | K76: No | L76: No | M76: No | N76: No | O76: No | P76: No | Q76: No | R76: No | S76: No | T76: No | U76: No | V76: No | W76: [SYI_AC7_001_016]Limiting the AC charging current.html | X76: 1 | Y76: 0 | Z76: 0 | AA76: 1 | AC76: TSR-CCU-386 | AG76: [SYI_AC7_001_016]Limiting the AC charging current.html | AH76: 1 | AI76: 0 | AJ76: 4 | AK76: 1 | AO76: =EXACT(W76,AG76) | AP76: =EXACT(X76,AH76) | AQ76: =EXACT(Y76,AI76) | AR76: =EXACT(Z76,AJ76) | AS76: =EXACT(AA76,AK76) | AT76: 0000BA6C_009_030_063 | AU76: 0000BA78_009_030_061
A77: Yes | B77: Yes | C77: Yes | D77: Yes | E77: Yes | F77: Yes | G77: Yes | H77: Yes | I77: Yes | J77: Yes | K77: Yes | L77: Yes | M77: Yes | N77: Yes | O77: Yes | P77: Yes | Q77: Yes | R77: Yes | S77: Yes | T77: No | U77: No | V77: No | W77: [SYI_AC7_001_016]Limiting the AC charging current_CR2468.html | X77: 1 | Y77: 0 | Z77: 0 | AA77: 1 | AC77: TSR-CCU-949-CR2468 | AO77: =EXACT(W77,AG77) | AP77: =EXACT(X77,AH77) | AQ77: =EXACT(Y77,AI77) | AR77: =EXACT(Z77,AJ77) | AS77: =EXACT(AA77,AK77)
A78: Yes | B78: Yes | C78: Yes | D78: Yes | E78: Yes | F78: Yes | G78: Yes | H78: Yes | I78: Yes | J78: Yes | K78: Yes | L78: Yes | M78: Yes | N78: Yes | O78: Yes | P78: Yes | Q78: Yes | R78: Yes | S78: Yes | T78: Yes | U78: Yes | V78: Yes | W78: [SYI_AC7_001_017]Limiting the AC charging current.html | X78: 1 | Y78: 0 | Z78: 0 | AA78: 1 | AC78: TSR-CCU-480 | AG78: [SYI_AC7_001_017]Limiting the AC charging current.html | AH78: 0 | AI78: 1 | AJ78: 4 | AK78: 1 | AO78: =EXACT(W78,AG78) | AP78: =EXACT(X78,AH78) | AQ78: =EXACT(Y78,AI78) | AR78: =EXACT(Z78,AJ78) | AS78: =EXACT(AA78,AK78) | AT78: 0000BA6C_009_030_063 | AU78: 0000BA78_009_030_061
A79: Yes | B79: Yes | C79: Yes | D79: Yes | E79: Yes | F79: Yes | G79: Yes | H79: Yes | I79: Yes | J79: Yes | K79: Yes | L79: Yes | M79: Yes | N79: Yes | O79: Yes | P79: Yes | Q79: Yes | R79: Yes | S79: Yes | T79: Yes | U79: Yes | V79: Yes | W79: [SYI_AC7_001_020_001]Limiting the AC charging current.html | X79: 1 | Y79: 0 | Z79: 0 | AA79: 1 | AC79: TSR-CCU-427 | AO79: =EXACT(W79,AG79) | AP79: =EXACT(X79,AH79) | AQ79: =EXACT(Y79,AI79) | AR79: =EXACT(Z79,AJ79) | AS79: =EXACT(AA79,AK79)
A80: Yes | B80: Yes | C80: Yes | D80: Yes | E80: Yes | F80: Yes | G80: Yes | H80: Yes | I80: Yes | J80: Yes | K80: Yes | L80: Yes | M80: Yes | N80: Yes | O80: Yes | P80: Yes | Q80: Yes | R80: Yes | S80: Yes | T80: Yes | U80: Yes | V80: Yes | W80: [SYI_AC7_001_020_002]Limiting the AC charging current.html | X80: 1 | Y80: 0 | Z80: 0 | AA80: 1 | AC80: TSR-CCU-427 | AO80: =EXACT(W80,AG80) | AP80: =EXACT(X80,AH80) | AQ80: =EXACT(Y80,AI80) | AR80: =EXACT(Z80,AJ80) | AS80: =EXACT(AA80,AK80)
A81: Yes | B81: Yes | C81: Yes | D81: Yes | E81: Yes | F81: Yes | G81: Yes | H81: Yes | I81: Yes | J81: Yes | K81: Yes | L81: Yes | M81: Yes | N81: Yes | O81: Yes | P81: Yes | Q81: Yes | R81: Yes | S81: Yes | T81: Yes | U81: Yes | V81: Yes | W81: [SYI_AC7_001_020_003]Limiting the AC charging current.html | X81: 1 | Y81: 0 | Z81: 0 | AA81: 1 | AC81: TSR-CCU-427 | AO81: =EXACT(W81,AG81) | AP81: =EXACT(X81,AH81) | AQ81: =EXACT(Y81,AI81) | AR81: =EXACT(Z81,AJ81) | AS81: =EXACT(AA81,AK81)
A82: Yes | B82: Yes | C82: Yes | D82: Yes | E82: Yes | F82: Yes | G82: Yes | H82: Yes | I82: Yes | J82: Yes | K82: Yes | L82: Yes | M82: Yes | N82: Yes | O82: Yes | P82: Yes | Q82: Yes | R82: Yes | S82: Yes | T82: Yes | U82: Yes | V82: Yes | W82: [SYI_AC7_001_020_004]Limiting the AC charging current.html | X82: 1 | Y82: 0 | Z82: 0 | AA82: 1 | AC82: TSR-CCU-427 | AO82: =EXACT(W82,AG82) | AP82: =EXACT(X82,AH82) | AQ82: =EXACT(Y82,AI82) | AR82: =EXACT(Z82,AJ82) | AS82: =EXACT(AA82,AK82)
A83: Yes | B83: Yes | C83: Yes | D83: Yes | E83: Yes | F83: Yes | G83: Yes | H83: Yes | I83: Yes | J83: Yes | K83: Yes | L83: No | M83: No | N83: No | O83: No | P83: No | Q83: No | R83: No | S83: No | T83: No | U83: No | V83: No | W83: [SYI_AC7_001_021_001]Limiting the AC charging current.html | X83: 1 | Y83: 0 | Z83: 0 | AA83: 1 | AC83: TSR-CCU-429 | AE83: This test case is not applicable for G60 and G70 | AO83: =EXACT(W83,AG83) | AP83: =EXACT(X83,AH83) | AQ83: =EXACT(Y83,AI83) | AR83: =EXACT(Z83,AJ83) | AS83: =EXACT(AA83,AK83)
A84: Yes | B84: Yes | C84: Yes | D84: Yes | E84: Yes | F84: Yes | G84: Yes | H84: Yes | I84: Yes | J84: Yes | K84: Yes | L84: No | M84: No | N84: No | O84: No | P84: No | Q84: No | R84: No | S84: No | T84: No | U84: No | V84: No | W84: [SYI_AC7_001_021_002]Limiting the AC charging current.html | X84: 1 | Y84: 0 | Z84: 0 | AA84: 1 | AC84: TSR-CCU-429 | AE84: This test case is not applicable for G60 and G70 | AO84: =EXACT(W84,AG84) | AP84: =EXACT(X84,AH84) | AQ84: =EXACT(Y84,AI84) | AR84: =EXACT(Z84,AJ84) | AS84: =EXACT(AA84,AK84)
A85: Yes | B85: Yes | C85: Yes | D85: Yes | E85: Yes | F85: Yes | G85: Yes | H85: Yes | I85: Yes | J85: Yes | K85: Yes | L85: No | M85: No | N85: No | O85: No | P85: No | Q85: No | R85: No | S85: No | T85: No | U85: No | V85: No | W85: [SYI_AC7_001_021_003]Limiting the AC charging current.html | X85: 1 | Y85: 0 | Z85: 0 | AA85: 1 | AC85: TSR-CCU-429 | AE85: This test case is not applicable for G60 and G70 | AO85: =EXACT(W85,AG85) | AP85: =EXACT(X85,AH85) | AQ85: =EXACT(Y85,AI85) | AR85: =EXACT(Z85,AJ85) | AS85: =EXACT(AA85,AK85)
A86: No | B86: No | C86: No | D86: No | E86: No | F86: No | G86: No | H86: No | I86: No | J86: No | K86: No | L86: Yes | M86: Yes | N86: Yes | O86: Yes | P86: Yes | Q86: Yes | R86: Yes | S86: Yes | T86: Yes | U86: Yes | V86: Yes | W86: [SYI_AC7_001_021_001]Limiting the AC charging current_CR948.html | X86: 1 | Y86: 0 | Z86: 0 | AA86: 1 | AC86: TSR-CCU-429 | AE86: As per SW change in CR948, DTC 031764 shall not be tested. Refer to #100664. This change is only applicable for G60 and G70 | AG86: [SYI_AC7_001_021_001]Limiting the AC charging current_CR948.html | AH86: 1 | AI86: 0 | AJ86: 0 | AK86: 1 | AO86: =EXACT(W86,AG86) | AP86: =EXACT(X86,AH86) | AQ86: =EXACT(Y86,AI86) | AR86: =EXACT(Z86,AJ86) | AS86: =EXACT(AA86,AK86) | AT86: 0000BA6C_009_030_063 | AU86: 0000BA78_009_030_061
A87: No | B87: No | C87: No | D87: No | E87: No | F87: No | G87: No | H87: No | I87: No | J87: No | K87: No | L87: Yes | M87: Yes | N87: Yes | O87: Yes | P87: Yes | Q87: Yes | R87: Yes | S87: Yes | T87: Yes | U87: Yes | V87: Yes | W87: [SYI_AC7_001_021_002]Limiting the AC charging current_CR948.html | X87: 1 | Y87: 0 | Z87: 0 | AA87: 1 | AC87: TSR-CCU-429 | AE87: As per SW change in CR948, DTC 031764 shall not be tested. Refer to #100664. This change is only applicable for G60 and G70 | AG87: [SYI_AC7_001_021_002]Limiting the AC charging current_CR948.html | AH87: 1 | AI87: 0 | AJ87: 0 | AK87: 1 | AO87: =EXACT(W87,AG87) | AP87: =EXACT(X87,AH87) | AQ87: =EXACT(Y87,AI87) | AR87: =EXACT(Z87,AJ87) | AS87: =EXACT(AA87,AK87) | AT87: 0000BA6C_009_030_063 | AU87: 0000BA78_009_030_061
A88: No | B88: No | C88: No | D88: No | E88: No | F88: No | G88: No | H88: No | I88: No | J88: No | K88: No | L88: Yes | M88: Yes | N88: Yes | O88: Yes | P88: Yes | Q88: Yes | R88: Yes | S88: Yes | T88: Yes | U88: Yes | V88: Yes | W88: [SYI_AC7_001_021_003]Limiting the AC charging current_CR948.html | X88: 1 | Y88: 0 | Z88: 0 | AA88: 1 | AC88: TSR-CCU-429 | AE88: As per SW change in CR948, DTC 031764 shall not be tested. Refer to #100664. This change is only applicable for G60 and G70 | AO88: =EXACT(W88,AG88) | AP88: =EXACT(X88,AH88) | AQ88: =EXACT(Y88,AI88) | AR88: =EXACT(Z88,AJ88) | AS88: =EXACT(AA88,AK88)
A89: Yes | B89: Yes | C89: Yes | D89: Yes | E89: Yes | F89: Yes | G89: Yes | H89: Yes | I89: Yes | J89: Yes | K89: Yes | L89: Yes | M89: Yes | N89: Yes | O89: Yes | P89: Yes | Q89: Yes | R89: Yes | S89: Yes | T89: No | U89: No | V89: No | W89: [SYI_AC7_001_022]ZCP detection plausibility check_CR2468.html | X89: 5 | Y89: 0 | Z89: 0 | AA89: 5 | AC89: TSR-CCU-949-CR2468 | AO89: =EXACT(W89,AG89) | AP89: =EXACT(X89,AH89) | AQ89: =EXACT(Y89,AI89) | AR89: =EXACT(Z89,AJ89) | AS89: =EXACT(AA89,AK89)
A90: Yes | B90: Yes | C90: Yes | D90: Yes | E90: Yes | F90: Yes | G90: Yes | H90: Yes | I90: Yes | J90: Yes | K90: Yes | L90: Yes | M90: Yes | N90: Yes | O90: Yes | P90: Yes | Q90: Yes | R90: Yes | S90: Yes | T90: Yes | U90: Yes | V90: Yes | W90: [SYI_AC7_002_001]AC current measurement plausibility check.html | X90: 3 | Y90: 0 | Z90: 0 | AA90: 3 | AC90: TSR-CCU-067 | AG90: [SYI_AC7_002_001]AC current measurement plausibility check.html | AH90: 3 | AI90: 0 | AJ90: 0 | AK90: 3 | AO90: =EXACT(W90,AG90) | AP90: =EXACT(X90,AH90) | AQ90: =EXACT(Y90,AI90) | AR90: =EXACT(Z90,AJ90) | AS90: =EXACT(AA90,AK90) | AT90: 0000BA6C_009_030_063 | AU90: 0000BA78_009_030_061
A91: Yes | B91: Yes | C91: Yes | D91: Yes | E91: Yes | F91: Yes | G91: Yes | H91: Yes | I91: Yes | J91: Yes | K91: Yes | L91: Yes | M91: Yes | N91: Yes | O91: Yes | P91: Yes | Q91: Yes | R91: Yes | S91: Yes | T91: Yes | U91: Yes | V91: Yes | W91: [SYI_AC7_002_002]AC current measurement plausibility check.html | X91: 6 | Y91: 0 | Z91: 0 | AA91: 6 | AC91: TSR-CCU-068 | AG91: [SYI_AC7_002_002]AC current measurement plausibility check.html | AH91: 6 | AI91: 0 | AJ91: 0 | AK91: 6 | AO91: =EXACT(W91,AG91) | AP91: =EXACT(X91,AH91) | AQ91: =EXACT(Y91,AI91) | AR91: =EXACT(Z91,AJ91) | AS91: =EXACT(AA91,AK91) | AT91: 0000BA6C_009_030_063 | AU91: 0000BA78_009_030_061
A92: Yes | B92: Yes | C92: Yes | D92: Yes | E92: Yes | F92: Yes | G92: Yes | H92: Yes | I92: Yes | J92: Yes | K92: Yes | L92: Yes | M92: Yes | N92: Yes | O92: Yes | P92: Yes | Q92: Yes | R92: Yes | S92: Yes | T92: Yes | U92: Yes | V92: Yes | W92: [SYI_AC7_002_003]AC current measurement plausibility check.html | X92: 6 | Y92: 0 | Z92: 0 | AA92: 6 | AC92: TSR-CCU-009 | AG92: [SYI_AC7_002_003]AC current measurement plausibility check.html | AH92: 6 | AI92: 0 | AJ92: 0 | AK92: 6 | AO92: =EXACT(W92,AG92) | AP92: =EXACT(X92,AH92) | AQ92: =EXACT(Y92,AI92) | AR92: =EXACT(Z92,AJ92) | AS92: =EXACT(AA92,AK92) | AT92: 0000BA6C_009_030_063 | AU92: 0000BA78_009_030_061
A93: Yes | B93: Yes | C93: Yes | D93: Yes | E93: Yes | F93: Yes | G93: Yes | H93: Yes | I93: Yes | J93: Yes | K93: Yes | L93: Yes | M93: Yes | N93: Yes | O93: Yes | P93: Yes | Q93: Yes | R93: Yes | S93: Yes | T93: Yes | U93: Yes | V93: Yes | W93: [SYI_AC7_002_005]AC current measurement plausibility check.html | X93: 6 | Y93: 0 | Z93: 0 | AA93: 6 | AC93: TSR-CCU-028 | AG93: [SYI_AC7_002_005]AC current measurement plausibility check.html | AH93: 6 | AI93: 0 | AJ93: 0 | AK93: 6 | AO93: =EXACT(W93,AG93) | AP93: =EXACT(X93,AH93) | AQ93: =EXACT(Y93,AI93) | AR93: =EXACT(Z93,AJ93) | AS93: =EXACT(AA93,AK93) | AT93: 0000BA6C_009_030_063 | AU93: 0000BA78_009_030_061
A94: Yes | B94: Yes | C94: Yes | D94: Yes | E94: Yes | F94: Yes | G94: Yes | H94: Yes | I94: Yes | J94: Yes | K94: Yes | L94: Yes | M94: Yes | N94: Yes | O94: Yes | P94: Yes | Q94: Yes | R94: Yes | S94: Yes | T94: Yes | U94: Yes | V94: Yes | W94: [SYI_AC7_002_006]AC current measurement plausibility check.html | X94: 6 | Y94: 0 | Z94: 0 | AA94: 6 | AC94: TSR-CCU-029 | AG94: [SYI_AC7_002_006]AC current measurement plausibility check.html | AH94: 6 | AI94: 0 | AJ94: 0 | AK94: 6 | AO94: =EXACT(W94,AG94) | AP94: =EXACT(X94,AH94) | AQ94: =EXACT(Y94,AI94) | AR94: =EXACT(Z94,AJ94) | AS94: =EXACT(AA94,AK94) | AT94: 0000BA6C_009_030_063 | AU94: 0000BA78_009_030_061
A95: Yes | B95: Yes | C95: Yes | D95: Yes | E95: Yes | F95: Yes | G95: Yes | H95: Yes | I95: Yes | J95: Yes | K95: Yes | L95: Yes | M95: Yes | N95: Yes | O95: Yes | P95: Yes | Q95: Yes | R95: Yes | S95: Yes | T95: Yes | U95: Yes | V95: Yes | W95: [SYI_AC7_002_008]AC current measurement plausibility check.html | X95: 6 | Y95: 0 | Z95: 0 | AA95: 6 | AC95: TSR-CCU-001 | AG95: [SYI_AC7_002_008]AC current measurement plausibility check.html | AH95: 6 | AI95: 0 | AJ95: 0 | AK95: 6 | AO95: =EXACT(W95,AG95) | AP95: =EXACT(X95,AH95) | AQ95: =EXACT(Y95,AI95) | AR95: =EXACT(Z95,AJ95) | AS95: =EXACT(AA95,AK95) | AT95: 0000BA6C_009_030_063 | AU95: 0000BA78_009_030_061
A96: Yes | B96: Yes | C96: Yes | D96: Yes | E96: Yes | F96: Yes | G96: Yes | H96: Yes | I96: Yes | J96: Yes | K96: Yes | L96: Yes | M96: Yes | N96: Yes | O96: Yes | P96: Yes | Q96: Yes | R96: Yes | S96: Yes | T96: Yes | U96: Yes | V96: Yes | W96: [SYI_AC7_002_009]AC current measurement plausibility check.html | X96: 6 | Y96: 0 | Z96: 0 | AA96: 6 | AC96: TSR-CCU-003 | AG96: [SYI_AC7_002_009]AC current measurement plausibility check.html | AH96: 6 | AI96: 0 | AJ96: 0 | AK96: 6 | AO96: =EXACT(W96,AG96) | AP96: =EXACT(X96,AH96) | AQ96: =EXACT(Y96,AI96) | AR96: =EXACT(Z96,AJ96) | AS96: =EXACT(AA96,AK96) | AT96: 0000BA6C_009_030_063 | AU96: 0000BA78_009_030_061
A97: Yes | B97: Yes | C97: Yes | D97: Yes | E97: Yes | F97: Yes | G97: Yes | H97: Yes | I97: Yes | J97: Yes | K97: Yes | L97: Yes | M97: Yes | N97: Yes | O97: Yes | P97: Yes | Q97: Yes | R97: Yes | S97: Yes | T97: Yes | U97: Yes | V97: Yes | W97: [SYI_AC7_002_010]AC current measurement plausibility check.html | X97: 6 | Y97: 0 | Z97: 0 | AA97: 6 | AC97: TSR-CCU-069 | AG97: [SYI_AC7_002_010]AC current measurement plausibility check.html | AH97: 6 | AI97: 0 | AJ97: 0 | AK97: 6 | AO97: =EXACT(W97,AG97) | AP97: =EXACT(X97,AH97) | AQ97: =EXACT(Y97,AI97) | AR97: =EXACT(Z97,AJ97) | AS97: =EXACT(AA97,AK97) | AT97: 0000BA6C_009_030_063 | AU97: 0000BA78_009_030_061
A98: Yes | B98: Yes | C98: Yes | D98: Yes | E98: Yes | F98: Yes | G98: Yes | H98: Yes | I98: Yes | J98: Yes | K98: Yes | L98: Yes | M98: Yes | N98: Yes | O98: Yes | P98: Yes | Q98: Yes | R98: Yes | S98: Yes | T98: Yes | U98: Yes | V98: Yes | W98: [SYI_AC7_002_011]AC current measurement plausibility check.html | X98: 6 | Y98: 0 | Z98: 0 | AA98: 6 | AC98: TSR-CCU-090 | AG98: [SYI_AC7_002_011]AC current measurement plausibility check.html | AH98: 6 | AI98: 0 | AJ98: 0 | AK98: 6 | AO98: =EXACT(W98,AG98) | AP98: =EXACT(X98,AH98) | AQ98: =EXACT(Y98,AI98) | AR98: =EXACT(Z98,AJ98) | AS98: =EXACT(AA98,AK98) | AT98: 0000BA6C_009_030_063 | AU98: 0000BA78_009_030_061
E99: Yes | F99: Yes | G99: Yes | H99: Yes | I99: Yes | J99: Yes | K99: Yes | L99: Yes | M99: Yes | N99: Yes | O99: Yes | P99: Yes | Q99: Yes | R99: Yes | S99: Yes | T99: Yes | U99: Yes | V99: Yes | W99: [SYI_AC7_002_011]AC current measurement plausibility check_HW3.0.html | X99: 6 | Y99: 0 | Z99: 0 | AA99: 6 | AC99: TSR-CCU-090 | AE99: This test case is created specifically for HWSOP3.0 Testing refer to Task #267871 | AO99: =EXACT(W99,AG99) | AP99: =EXACT(X99,AH99) | AQ99: =EXACT(Y99,AI99) | AR99: =EXACT(Z99,AJ99) | AS99: =EXACT(AA99,AK99)
A100: Yes | B100: Yes | C100: Yes | D100: No | E100: No | F100: No | G100: No | H100: Yes | I100: No | J100: Yes | K100: Yes | L100: Yes | M100: Yes | N100: Yes | O100: No | P100: Yes | Q100: No | R100: No | S100: No | T100: No | U100: No | V100: No | W100: [SYI_AC7_004_004]ZCP detection plausibility check.html | X100: 5 | Y100: 0 | Z100: 0 | AA100: 5 | AC100: TSR-CCU-028 | AG100: [SYI_AC7_004_004]ZCP detection plausibility check.html | AH100: 1 | AI100: 4 | AJ100: 4 | AK100: 5 | AO100: =EXACT(W100,AG100) | AP100: =EXACT(X100,AH100) | AQ100: =EXACT(Y100,AI100) | AR100: =EXACT(Z100,AJ100) | AS100: =EXACT(AA100,AK100) | AT100: 0000BA6C_009_030_063 | AU100: 0000BA78_009_030_061
...

Sheet FuSa_NACS
A1: SP18 | J1: SP21 | T1: SP21P | U1: Test Topic | V1: HW Functionality | W1: Reference | AW1: L2 Release
A2: SOP2207 | B2: SOP2211 | C2: SOP2307 | D2: SOP2407 | E2: SOP2503 | F2: SOP2507 | G2: SOP2603 | H2: SOP2311 | I2: SOP2403 | J2: SOP2211 | K2: SOP2303 | L2: SOP2307 | M2: SOP2407 | N2: SOP2311 | O2: SOP2403 | P2: SOP2503 | Q2: SOP2507 | R2: SOP2511 | S2: SOP2603 | T2: SOP2607 | W2: Test Case | X2: Pass | Y2: Fail | Z2: OtherFail | AA2: Total | AB2: Time | AC2: SYR/KLH ID | AD2: Status | AE2: Comment | AG2: Test Case | AH2: Pass | AI2: Fail | AJ2: OtherFail | AK2: Total | AL2: Time | AM2: Status | AN2: Comment | AO2: TC | AP2: Pass | AQ2: Fail | AR2: OtherFail | AS2: Total
D3: No | E3: No | F3: No | G3: No | H3: No | I3: No | M3: No | O3: No | P3: No | Q3: No | R3: Yes | S3: Yes | T3: Yes | U3: Fire Protection | W3: [SYI_FP40_001_001].html | X3: 1 | Y3: 0 | Z3: 0 | AA3: 1 | AB3: 0.0006712963 | AC3: TSR-CCU-NACS-951 'TSR-CCU-NACS-950 | AO3: =EXACT(W3,AG3) | AP3: =EXACT(X3,AH3) | AQ3: =EXACT(Y3,AI3) | AR3: =EXACT(Z3,AJ3) | AS3: =EXACT(AA3,AK3)
D4: No | E4: No | F4: No | G4: No | H4: No | I4: No | M4: No | O4: No | P4: No | Q4: No | R4: No | S4: No | T4: No | U4: Fire Protection | W4: [SYI_FP40_001_002].html | X4: 1 | Y4: 0 | Z4: 0 | AA4: 1 | AB4: 0.00081018519 | AC4: TSR-CCU-NACS-952 | AD4: Obsolete | AO4: =EXACT(W4,AG4) | AP4: =EXACT(X4,AH4) | AQ4: =EXACT(Y4,AI4) | AR4: =EXACT(Z4,AJ4) | AS4: =EXACT(AA4,AK4)
D5: No | E5: No | F5: No | G5: No | H5: No | I5: No | M5: No | O5: No | P5: No | Q5: No | R5: No | S5: No | T5: No | U5: Fire Protection | W5: [SYI_FP40_001_003].html | X5: 1 | Y5: 0 | Z5: 0 | AA5: 1 | AB5: 0.00055555556 | AC5: TSR-CCU-NACS-952,TSR-CCU-NACS-953,TSR-CCU-NACS-975 | AD5: Obsolete | AO5: =EXACT(W5,AG5) | AP5: =EXACT(X5,AH5) | AQ5: =EXACT(Y5,AI5) | AR5: =EXACT(Z5,AJ5) | AS5: =EXACT(AA5,AK5)
D6: No | E6: No | F6: No | G6: No | H6: No | I6: No | M6: No | O6: No | P6: No | Q6: No | R6: No | S6: No | T6: No | U6: Fire Protection | W6: [SYI_FP40_001_004].html | X6: 1 | Y6: 0 | Z6: 0 | AA6: 1 | AB6: 0.00055555556 | AC6: TSR-CCU-NACS-952 TSR-CCU-NACS-953 TSR-CCU-NACS-975 | AD6: Obsolete | AO6: =EXACT(W6,AG6) | AP6: =EXACT(X6,AH6) | AQ6: =EXACT(Y6,AI6) | AR6: =EXACT(Z6,AJ6) | AS6: =EXACT(AA6,AK6)
D7: No | E7: No | F7: No | G7: No | H7: No | I7: No | M7: No | O7: No | P7: No | Q7: No | R7: No | S7: No | T7: No | U7: Fire Protection | W7: [SYI_FP40_001_005].html | X7: 1 | Y7: 0 | Z7: 0 | AA7: 1 | AB7: 0.00055555556 | AC7: TSR-CCU-NACS-952 TSR-CCU-NACS-953 TSR-CCU-NACS-975 | AD7: Obsolete | AO7: =EXACT(W7,AG7) | AP7: =EXACT(X7,AH7) | AQ7: =EXACT(Y7,AI7) | AR7: =EXACT(Z7,AJ7) | AS7: =EXACT(AA7,AK7)
D8: No | E8: No | F8: No | G8: No | H8: No | I8: No | M8: No | O8: No | P8: No | Q8: No | R8: Yes | S8: Yes | T8: Yes | U8: Fire Protection | W8: [SYI_FP40_001_006].html | X8: 1 | Y8: 0 | Z8: 0 | AA8: 1 | AB8: 0.00054398148 | AC8: TSR-CCU-NACS-975 | AO8: =EXACT(W8,AG8) | AP8: =EXACT(X8,AH8) | AQ8: =EXACT(Y8,AI8) | AR8: =EXACT(Z8,AJ8) | AS8: =EXACT(AA8,AK8)
D9: No | E9: No | F9: No | G9: No | H9: No | I9: No | M9: No | O9: No | P9: No | Q9: No | R9: Yes | S9: Yes | T9: No | U9: Fire Protection | W9: [SYI_FP40_001_007].html | X9: 1 | Y9: 0 | Z9: 0 | AA9: 1 | AB9: 0.00052083333 | AC9: TSR-CCU-NACS-975 | AO9: =EXACT(W9,AG9) | AP9: =EXACT(X9,AH9) | AQ9: =EXACT(Y9,AI9) | AR9: =EXACT(Z9,AJ9) | AS9: =EXACT(AA9,AK9)
D10: No | E10: No | F10: No | G10: No | H10: No | I10: No | M10: No | O10: No | P10: No | Q10: No | R10: Yes | S10: Yes | T10: Yes | U10: Fire Protection | W10: [SYI_FP40_001_008].html | X10: 1 | Y10: 0 | Z10: 0 | AA10: 1 | AB10: 0.00054398148 | AC10: TSR-CCU-NACS-975 | AO10: =EXACT(W10,AG10) | AP10: =EXACT(X10,AH10) | AQ10: =EXACT(Y10,AI10) | AR10: =EXACT(Z10,AJ10) | AS10: =EXACT(AA10,AK10)
D11: No | E11: No | F11: No | G11: No | H11: No | I11: No | M11: No | O11: No | P11: No | Q11: No | R11: Yes | S11: Yes | T11: Yes | U11: Fire Protection | W11: [SYI_FP40_001_009].html | X11: 1 | Y11: 0 | Z11: 0 | AA11: 1 | AB11: 0.00054398148 | AC11: TSR-CCU-NACS-975 | AO11: =EXACT(W11,AG11) | AP11: =EXACT(X11,AH11) | AQ11: =EXACT(Y11,AI11) | AR11: =EXACT(Z11,AJ11) | AS11: =EXACT(AA11,AK11)
D12: No | E12: No | F12: No | G12: No | H12: No | I12: No | J12: No | K12: No | L12: No | M12: No | N12: No | O12: No | P12: No | Q12: No | R12: Yes | S12: Yes | T12: Yes | U12: Fire Protection | W12: [SYI_FP50_001_001] Verify default state of CP_Hot_Disconnect GPIO PIN 152.html | X12: 1 | Y12: 0 | Z12: 0 | AA12: 1 | AB12: 0.00078703704 | AC12: TSR-CCU-NACS-956 | AO12: =EXACT(W12,AG12) | AP12: =EXACT(X12,AH12) | AQ12: =EXACT(Y12,AI12) | AR12: =EXACT(Z12,AJ12) | AS12: =EXACT(AA12,AK12)
D13: No | E13: No | F13: No | G13: No | H13: No | I13: No | M13: No | O13: No | P13: No | Q13: No | R13: Yes | S13: Yes | T13: Yes | U13: Fire Protection | W13: [SYI_FP50_001_002] Verify CP_Hot_Disconnect is enabled (NACS HW && Correct SGBM_ID).html | X13: 1 | Y13: 0 | Z13: 0 | AA13: 1 | AB13: 0.00079861111 | AC13: TSR-CCU-NACS-954 TSR-CCU-NACS-955 TSR-CCU-NACS-973 TSR-CCU-NACS-976 | AO13: =EXACT(W13,AG13) | AP13: =EXACT(X13,AH13) | AQ13: =EXACT(Y13,AI13) | AR13: =EXACT(Z13,AJ13) | AS13: =EXACT(AA13,AK13)
D14: No | E14: No | F14: No | G14: No | H14: No | I14: No | M14: No | O14: No | P14: No | Q14: No | R14: Yes | S14: Yes | T14: Yes | U14: Fire Protection | W14: [SYI_FP50_001_003] Verify CP_Hot_Disconnect is enabled (NACS HW && Correct SGBM_ID).html | X14: 1 | Y14: 0 | Z14: 0 | AA14: 1 | AB14: 0.00047453704 | AC14: TSR-CCU-NACS-954 TSR-CCU-NACS-955 | AO14: =EXACT(W14,AG14) | AP14: =EXACT(X14,AH14) | AQ14: =EXACT(Y14,AI14) | AR14: =EXACT(Z14,AJ14) | AS14: =EXACT(AA14,AK14)
D15: No | E15: No | F15: No | G15: No | H15: No | I15: No | M15: No | O15: No | P15: No | Q15: No | R15: Yes | S15: Yes | T15: No | U15: Fire Protection | W15: [SYI_FP50_001_004] Verify CP_Hot_Disconnect is disabled (NACS HW && Correct SGBM_ID)_SP21.html | X15: 1 | Y15: 0 | Z15: 0 | AA15: 1 | AB15: 0.00076388889 | AC15: TSR-CCU-NACS-973 TSR-CCU-NACS-976 | AO15: =EXACT(W15,AG15) | AP15: =EXACT(X15,AH15) | AQ15: =EXACT(Y15,AI15) | AR15: =EXACT(Z15,AJ15) | AS15: =EXACT(AA15,AK15)
E16: No | F16: No | G16: No | H16: No | I16: No | M16: No | O16: No | P16: No | Q16: No | R16: No | S16: No | T16: Yes | U16: Fire Protection | W16: [SYI_FP50_001_004] Verify CP_Hot_Disconnect is disabled (NACS HW && Correct SGBM_ID)_SP21P.html | X16: 9 | Y16: 0 | Z16: 0 | AA16: 9 | AB16: 0.00076388889 | AC16: TSR-CCU-NACS-973 TSR-CCU-NACS-976 | AO16: =EXACT(W16,AG16) | AP16: =EXACT(X16,AH16) | AQ16: =EXACT(Y16,AI16) | AR16: =EXACT(Z16,AJ16) | AS16: =EXACT(AA16,AK16)
E17: No | F17: No | G17: No | H17: No | I17: No | M17: No | O17: No | P17: No | Q17: Yes | R17: Yes | S17: Yes | T17: No | U17: Fire Protection | W17: [SYI_FP50_001_005] Verify CP_Hot_Disconnect is disabled (Non-NACS HW)_SP21.html | X17: 1 | Y17: 0 | Z17: 0 | AA17: 1 | AB17: 0.00050925926 | AC17: TSR-CCU-NACS-973 TSR-CCU-NACS-976 | AO17: =EXACT(W17,AG17) | AP17: =EXACT(X17,AH17) | AQ17: =EXACT(Y17,AI17) | AR17: =EXACT(Z17,AJ17) | AS17: =EXACT(AA17,AK17) | AW17: YES
D18: No | E18: No | F18: No | G18: No | H18: No | I18: No | M18: No | O18: No | P18: No | Q18: No | R18: No | S18: No | T18: Yes | U18: Fire Protection | W18: [SYI_FP50_001_005] Verify CP_Hot_Disconnect is disabled (Non-NACS HW)_SP21P_HWEL008.html | X18: 10 | Y18: 0 | Z18: 0 | AA18: 10 | AB18: 0.00050925926 | AC18: TSR-CCU-NACS-973 TSR-CCU-NACS-976 | AO18: =EXACT(W18,AG18) | AP18: =EXACT(X18,AH18) | AQ18: =EXACT(Y18,AI18) | AR18: =EXACT(Z18,AJ18) | AS18: =EXACT(AA18,AK18) | AW18: YES
D19: No | E19: No | F19: No | G19: No | H19: No | I19: No | M19: No | O19: No | P19: No | Q19: No | R19: No | S19: No | T19: Yes | U19: Fire Protection | W19: [SYI_FP50_001_005] Verify CP_Hot_Disconnect is disabled (Non-NACS HW)_SP21P_HWEL108.html | X19: 10 | Y19: 0 | Z19: 0 | AA19: 10 | AB19: 0.00050925926 | AC19: TSR-CCU-NACS-973 TSR-CCU-NACS-976 | AO19: =EXACT(W19,AG19) | AP19: =EXACT(X19,AH19) | AQ19: =EXACT(Y19,AI19) | AR19: =EXACT(Z19,AJ19) | AS19: =EXACT(AA19,AK19) | AW19: YES
D20: No | E20: No | F20: No | G20: No | H20: No | I20: No | M20: No | O20: No | P20: No | Q20: No | R20: Yes | S20: Yes | T20: Yes | U20: Fire Protection | W20: [SYI_FP50_001_006] Verify 0x031B96 is suppressed when CP_Hot_Disconnect_Request is open.html | X20: 1 | Y20: 0 | Z20: 0 | AA20: 1 | AB20: 0.00046296296 | AC20: TSR-CCU-NACS-970 | AO20: =EXACT(W20,AG20) | AP20: =EXACT(X20,AH20) | AQ20: =EXACT(Y20,AI20) | AR20: =EXACT(Z20,AJ20) | AS20: =EXACT(AA20,AK20)
D21: No | E21: No | F21: No | G21: No | H21: No | I21: No | M21: No | O21: No | P21: No | Q21: No | R21: Yes | S21: Yes | T21: Yes | U21: Fire Protection | W21: [SYI_FP50_001_007] Verify 0x031B96 is not suppressed when CP_Hot_Disconnect_Request is closed.html | X21: 1 | Y21: 0 | Z21: 0 | AA21: 1 | AB21: 0.00046296296 | AC21: TSR-CCU-NACS-970 | AO21: =EXACT(W21,AG21) | AP21: =EXACT(X21,AH21) | AQ21: =EXACT(Y21,AI21) | AR21: =EXACT(Z21,AJ21) | AS21: =EXACT(AA21,AK21)
E22: No | F22: No | G22: No | H22: No | I22: No | M22: No | O22: No | P22: No | Q22: No | R22: Yes | S22: Yes | T22: No | U22: Fire Protection | W22: [SYI_FP50_001_008] Verify CP_Hot_Disconnect is disabled (NACS HW && Incorrect SGBM_ID)_SP21.html | X22: 1 | Y22: 0 | Z22: 0 | AA22: 1 | AB22: 0.00046296296 | AC22: TSR-CCU-NACS-973 | AO22: =EXACT(W22,AG22) | AP22: =EXACT(X22,AH22) | AQ22: =EXACT(Y22,AI22) | AR22: =EXACT(Z22,AJ22) | AS22: =EXACT(AA22,AK22)
E23: No | F23: No | G23: No | H23: No | I23: No | M23: No | O23: No | P23: No | Q23: No | R23: No | S23: No | T23: Yes | U23: Fire Protection | W23: [SYI_FP50_001_008] Verify CP_Hot_Disconnect is disabled (NACS HW && Incorrect SGBM_ID)_SP21P.html | X23: 10 | Y23: 0 | Z23: 0 | AA23: 10 | AB23: 0.00046296296 | AC23: TSR-CCU-NACS-973 | AO23: =EXACT(W23,AG23) | AP23: =EXACT(X23,AH23) | AQ23: =EXACT(Y23,AI23) | AR23: =EXACT(Z23,AJ23) | AS23: =EXACT(AA23,AK23)
E24: No | F24: No | G24: No | H24: No | I24: No | M24: No | O24: No | P24: No | Q24: No | R24: No | S24: No | T24: Yes | U24: Fire Protection | W24: [SYI_FP50_001_010] Verify 0x031B96 is not suppressed when CP_Hot_Disconnect_Request is open (NACS HW && Correct SGBM_ID)_SP21P.html | X24: 9 | Y24: 0 | Z24: 0 | AA24: 9 | AC24: TSR-CCU-NACS-970 | AO24: =EXACT(W24,AG24) | AP24: =EXACT(X24,AH24) | AQ24: =EXACT(Y24,AI24) | AR24: =EXACT(Z24,AJ24) | AS24: =EXACT(AA24,AK24)
E25: No | F25: No | G25: No | H25: No | I25: No | M25: No | O25: No | P25: No | Q25: No | R25: No | S25: No | T25: Yes | U25: Fire Protection | W25: [SYI_FP50_001_011] Verify 0x031B96 is not suppressed when CP_Hot_Disconnect_Request is open (Non-NACS HW)_SP21P_HWEL008.html | X25: 10 | Y25: 0 | Z25: 0 | AA25: 10 | AC25: TSR-CCU-NACS-970 | AO25: =EXACT(W25,AG25) | AP25: =EXACT(X25,AH25) | AQ25: =EXACT(Y25,AI25) | AR25: =EXACT(Z25,AJ25) | AS25: =EXACT(AA25,AK25) | AW25: YES
E26: No | F26: No | G26: No | H26: No | I26: No | M26: No | O26: No | P26: No | Q26: No | R26: No | S26: No | T26: Yes | U26: Fire Protection | W26: [SYI_FP50_001_011] Verify 0x031B96 is not suppressed when CP_Hot_Disconnect_Request is open (Non-NACS HW)_SP21P_HWEL108.html | X26: 10 | Y26: 0 | Z26: 0 | AA26: 10 | AC26: TSR-CCU-NACS-970 | AO26: =EXACT(W26,AG26) | AP26: =EXACT(X26,AH26) | AQ26: =EXACT(Y26,AI26) | AR26: =EXACT(Z26,AJ26) | AS26: =EXACT(AA26,AK26) | AW26: YES
D27: No | E27: No | F27: No | G27: No | H27: No | I27: No | M27: No | O27: No | P27: No | Q27: No | R27: Yes | S27: Yes | T27: Yes | U27: CAN Communication | W27: [SYI_CAN101_001_001] StatusReadinessDcContactorDiagnosisForChargingInterface.html | X27: 7 | Y27: 0 | Z27: 0 | AA27: 7 | AC27: TSR-CCU-NACS-962 TSR-CCU-NACS-963 TSR-CCU-NACS-965 TSR-CCU-NACS-966 TSR-CCU-NACS-967 | AO27: =EXACT(W27,AG27) | AP27: =EXACT(X27,AH27) | AQ27: =EXACT(Y27,AI27) | AR27: =EXACT(Z27,AJ27) | AS27: =EXACT(AA27,AK27)
D28: No | E28: No | F28: No | G28: No | H28: No | I28: No | M28: No | O28: No | P28: No | Q28: No | R28: Yes | S28: Yes | T28: Yes | U28: CAN Communication | W28: [SYI_CAN101_001_002] StatusReadinessDcContactorDiagnosisForChargingInterface_Invalid_Input.html | X28: 2 | Y28: 0 | Z28: 0 | AA28: 2 | AC28: TSR-CCU-NACS-962 TSR-CCU-NACS-963 TSR-CCU-NACS-965 TSR-CCU-NACS-966 TSR-CCU-NACS-967 | AO28: =EXACT(W28,AG28) | AP28: =EXACT(X28,AH28) | AQ28: =EXACT(Y28,AI28) | AR28: =EXACT(Z28,AJ28) | AS28: =EXACT(AA28,AK28)
D29: No | E29: No | F29: No | G29: No | H29: No | I29: No | M29: No | O29: No | P29: No | Q29: No | R29: Yes | S29: Yes | T29: Yes | U29: CAN Communication | W29: [SYI_CAN101_001_003] StatusDisconnectingSwitchDirectCurrentCharging.html | X29: 10 | Y29: 0 | Z29: 0 | AA29: 10 | AC29: TSR-CCU-NACS-962 TSR-CCU-NACS-963 TSR-CCU-NACS-965 TSR-CCU-NACS-966 TSR-CCU-NACS-967 | AO29: =EXACT(W29,AG29) | AP29: =EXACT(X29,AH29) | AQ29: =EXACT(Y29,AI29) | AR29: =EXACT(Z29,AJ29) | AS29: =EXACT(AA29,AK29)
D30: No | E30: No | F30: No | G30: No | H30: No | I30: No | M30: No | O30: No | P30: No | Q30: No | R30: Yes | S30: Yes | T30: Yes | U30: CAN Communication | W30: [SYI_CAN101_001_004] StatusDisconnectingSwitchDirectCurrentCharging_Invalid_Input.html | X30: 2 | Y30: 0 | Z30: 0 | AA30: 2 | AC30: TSR-CCU-NACS-962 TSR-CCU-NACS-963 TSR-CCU-NACS-965 TSR-CCU-NACS-966 TSR-CCU-NACS-967 | AO30: =EXACT(W30,AG30) | AP30: =EXACT(X30,AH30) | AQ30: =EXACT(Y30,AI30) | AR30: =EXACT(Z30,AJ30) | AS30: =EXACT(AA30,AK30)
D31: No | E31: No | F31: No | G31: No | H31: No | I31: No | M31: No | O31: No | P31: No | Q31: No | R31: Yes | S31: Yes | T31: Yes | U31: CAN Communication | W31: [SYI_CAN101_001_005] StatusAcDcDetectionHighVoltageStorage.html | X31: 8 | Y31: 0 | Z31: 0 | AA31: 8 | AC31: TSR-CCU-NACS-962 TSR-CCU-NACS-963 TSR-CCU-NACS-965 TSR-CCU-NACS-966 TSR-CCU-NACS-967 | AO31: =EXACT(W31,AG31) | AP31: =EXACT(X31,AH31) | AQ31: =EXACT(Y31,AI31) | AR31: =EXACT(Z31,AJ31) | AS31: =EXACT(AA31,AK31)
D32: No | E32: No | F32: No | G32: No | H32: No | I32: No | M32: No | O32: No | P32: No | Q32: No | R32: Yes | S32: Yes | T32: Yes | U32: CAN Communication | W32: [SYI_CAN101_001_006] StatusAcDcDetectionHighVoltageStorage_Invalid_Input.html | X32: 2 | Y32: 0 | Z32: 0 | AA32: 2 | AC32: TSR-CCU-NACS-962 TSR-CCU-NACS-963 TSR-CCU-NACS-965 TSR-CCU-NACS-966 TSR-CCU-NACS-967 | AO32: =EXACT(W32,AG32) | AP32: =EXACT(X32,AH32) | AQ32: =EXACT(Y32,AI32) | AR32: =EXACT(Z32,AJ32) | AS32: =EXACT(AA32,AK32)
D33: No | E33: No | F33: No | G33: No | H33: No | I33: No | M33: No | O33: No | P33: No | Q33: No | R33: Yes | S33: Yes | T33: Yes | U33: CAN Communication | W33: [SYI_CAN101_002_001] RequestReadinessDcContactorDiagnosisForChargingInterface.html | X33: 7 | Y33: 0 | Z33: 0 | AA33: 7 | AC33: TSR-CCU-NACS-962 TSR-CCU-NACS-964 TSR-CCU-NACS-966 | AO33: =EXACT(W33,AG33) | AP33: =EXACT(X33,AH33) | AQ33: =EXACT(Y33,AI33) | AR33: =EXACT(Z33,AJ33) | AS33: =EXACT(AA33,AK33)
D34: No | E34: No | F34: No | G34: No | H34: No | I34: No | M34: No | O34: No | P34: No | Q34: No | R34: Yes | S34: Yes | T34: Yes | U34: CAN Communication | W34: [SYI_CAN101_002_002] RequestReadinessDcContactorDiagnosisForChargingInterface_Invalid_Input.html | X34: 2 | Y34: 0 | Z34: 0 | AA34: 2 | AC34: TSR-CCU-NACS-962 TSR-CCU-NACS-964 TSR-CCU-NACS-966 | AO34: =EXACT(W34,AG34) | AP34: =EXACT(X34,AH34) | AQ34: =EXACT(Y34,AI34) | AR34: =EXACT(Z34,AJ34) | AS34: =EXACT(AA34,AK34)
D35: No | E35: No | F35: No | G35: No | H35: No | I35: No | M35: No | O35: No | P35: No | Q35: No | R35: Yes | S35: Yes | T35: Yes | U35: CAN Communication | W35: [SYI_CAN101_003_001] EAPC_RequestReadinessDcContactorDiagnosisForChargingInterface.html | X35: 7 | Y35: 0 | Z35: 0 | AA35: 7 | AC35: TSR-CCU-NACS-959 TSR-CCU-NACS-960 TSR-CCU-NACS-965 TSR-CCU-NACS-966 TSR-CCU-NACS-968 | AO35: =EXACT(W35,AG35) | AP35: =EXACT(X35,AH35) | AQ35: =EXACT(Y35,AI35) | AR35: =EXACT(Z35,AJ35) | AS35: =EXACT(AA35,AK35)
D36: No | E36: No | F36: No | G36: No | H36: No | I36: No | M36: No | O36: No | P36: No | Q36: No | R36: Yes | S36: Yes | T36: Yes | U36: CAN Communication | W36: [SYI_CAN101_003_002] EAPC_RequestReadinessDcContactorDiagnosisForChargingInterface_Invalid_Input.html | X36: 2 | Y36: 0 | Z36: 0 | AA36: 2 | AC36: TSR-CCU-NACS-959 TSR-CCU-NACS-960 TSR-CCU-NACS-965 TSR-CCU-NACS-966 TSR-CCU-NACS-968 | AO36: =EXACT(W36,AG36) | AP36: =EXACT(X36,AH36) | AQ36: =EXACT(Y36,AI36) | AR36: =EXACT(Z36,AJ36) | AS36: =EXACT(AA36,AK36)
D37: No | E37: No | F37: No | G37: No | H37: No | I37: No | M37: No | O37: No | P37: No | Q37: No | R37: Yes | S37: Yes | T37: Yes | U37: CAN Communication | W37: [SYI_CAN101_003_003] EAPC_StatusWeldingDetectionChargingInterface.html | X37: 9 | Y37: 0 | Z37: 0 | AA37: 9 | AC37: TSR-CCU-NACS-959 TSR-CCU-NACS-960 TSR-CCU-NACS-965 TSR-CCU-NACS-966 TSR-CCU-NACS-968 | AO37: =EXACT(W37,AG37) | AP37: =EXACT(X37,AH37) | AQ37: =EXACT(Y37,AI37) | AR37: =EXACT(Z37,AJ37) | AS37: =EXACT(AA37,AK37)
D38: No | E38: No | F38: No | G38: No | H38: No | I38: No | M38: No | O38: No | P38: No | Q38: No | R38: Yes | S38: Yes | T38: Yes | U38: CAN Communication | W38: [SYI_CAN101_003_004] EAPC_StatusWeldingDetectionChargingInterface_Invalid_Input.html | X38: 2 | Y38: 0 | Z38: 0 | AA38: 2 | AC38: TSR-CCU-NACS-959 TSR-CCU-NACS-960 TSR-CCU-NACS-965 TSR-CCU-NACS-966 TSR-CCU-NACS-968 | AO38: =EXACT(W38,AG38) | AP38: =EXACT(X38,AH38) | AQ38: =EXACT(Y38,AI38) | AR38: =EXACT(Z38,AJ38) | AS38: =EXACT(AA38,AK38)
... D48: No | E48: No | F48: No | G48: No | H48: No | I48: No | M48: No | O48: No | P48: No | Q48: No | R48: Yes | S48: Yes | T48: Yes | U48: CAN Communication | W48: [SYI_CAN101_005_002] VoltageDirectCurrentChargingInputNACS_Invalid_Input.html | X48: 2 | Y48: 0 | Z48: 0 | AA48: 2 | AC48: TSR-CCU-NACS-962 TSR-CCU-NACS-966 TSR-CCU-NACS-1008 | AO48: =EXACT(W48,AG48) | AP48: =EXACT(X48,AH48) | AQ48: =EXACT(Y48,AI48) | AR48: =EXACT(Z48,AJ48) | AS48: =EXACT(AA48,AK48)
D49: No | E49: No | F49: Yes | G49: Yes | H49: No | I49: No | M49: No | O49: No | P49: No | Q49: Yes | R49: Yes | S49: Yes | T49: Yes | U49: CAN Communication | W49: [SYI_CAN101_006_001] StatusDisconnectingSwitchHighVoltageStorage.html | X49: 9 | Y49: 0 | Z49: 0 | AA49: 9 | AC49: TSR-CCU-NACS-962 TSR-CCU-NACS-966 TSR-CCU-NACS-1009 TSR-CCU-NACS-1011 | AO49: =EXACT(W49,AG49) | AP49: =EXACT(X49,AH49) | AQ49: =EXACT(Y49,AI49) | AR49: =EXACT(Z49,AJ49) | AS49: =EXACT(AA49,AK49) | AW49: YES
D50: No | E50: No | F50: Yes | G50: Yes | H50: No | I50: No | M50: No | O50: No | P50: No | Q50: Yes | R50: Yes | S50: Yes | T50: Yes | U50: CAN Communication | W50: [SYI_CAN101_006_002] StatusDisconnectingSwitchHighVoltageStorage_Invalid_Input.html | X50: 2 | Y50: 0 | Z50: 0 | AA50: 2 | AC50: TSR-CCU-NACS-962 TSR-CCU-NACS-966 TSR-CCU-NACS-1009 TSR-CCU-NACS-1011 | AO50: =EXACT(W50,AG50) | AP50: =EXACT(X50,AH50) | AQ50: =EXACT(Y50,AI50) | AR50: =EXACT(Z50,AJ50) | AS50: =EXACT(AA50,AK50) | AW50: YES
D51: No | E51: No | F51: Yes | G51: Yes | H51: No | I51: No | M51: No | O51: No | P51: No | Q51: Yes | R51: Yes | S51: Yes | T51: Yes | U51: CAN Communication | W51: [SYI_CAN101_006_003] TypeChargingPortValidatedHVS.html | X51: 6 | Y51: 0 | Z51: 0 | AA51: 6 | AC51: TSR-CCU-NACS-962 TSR-CCU-NACS-966 TSR-CCU-NACS-1009 TSR-CCU-NACS-1011 | AO51: =EXACT(W51,AG51) | AP51: =EXACT(X51,AH51) | AQ51: =EXACT(Y51,AI51) | AR51: =EXACT(Z51,AJ51) | AS51: =EXACT(AA51,AK51) | AW51: YES
D52: No | E52: No | F52: Yes | G52: Yes | H52: No | I52: No | M52: No | O52: No | P52: No | Q52: Yes | R52: Yes | S52: Yes | T52: Yes | U52: CAN Communication | W52: [SYI_CAN101_006_004] TypeChargingPortValidatedHVS_Invalid_Input.html | X52: 2 | Y52: 0 | Z52: 0 | AA52: 2 | AC52: TSR-CCU-NACS-962 TSR-CCU-NACS-966 TSR-CCU-NACS-1009 TSR-CCU-NACS-1011 | AO52: =EXACT(W52,AG52) | AP52: =EXACT(X52,AH52) | AQ52: =EXACT(Y52,AI52) | AR52: =EXACT(Z52,AJ52) | AS52: =EXACT(AA52,AK52) | AW52: YES
D53: No | E53: No | F53: Yes | G53: Yes | H53: No | I53: No | M53: No | O53: No | P53: No | Q53: Yes | R53: Yes | S53: Yes | T53: Yes | U53: CAN Communication | W53: [SYI_CAN101_007_001] TypeChargingPortValidatedCCU.html | X53: 7 | Y53: 0 | Z53: 0 | AA53: 7 | AC53: TSR-CCU-NACS-962 TSR-CCU-NACS-966 TSR-CCU-NACS-1010 | AO53: =EXACT(W53,AG53) | AP53: =EXACT(X53,AH53) | AQ53: =EXACT(Y53,AI53) | AR53: =EXACT(Z53,AJ53) | AS53: =EXACT(AA53,AK53) | AW53: YES
D54: No | E54: No | F54: Yes | G54: Yes | H54: No | I54: No | M54: No | O54: No | P54: No | Q54: Yes | R54: Yes | S54: Yes | T54: Yes | U54: CAN Communication | W54: [SYI_CAN101_007_002] TypeChargingPortValidatedCCU_Invalid_Input.html | X54: 2 | Y54: 0 | Z54: 0 | AA54: 2 | AC54: TSR-CCU-NACS-962 TSR-CCU-NACS-966 TSR-CCU-NACS-1010 | AO54: =EXACT(W54,AG54) | AP54: =EXACT(X54,AH54) | AQ54: =EXACT(Y54,AI54) | AR54: =EXACT(Z54,AJ54) | AS54: =EXACT(AA54,AK54) | AW54: YES
D55: No | E55: No | F55: No | G55: No | H55: No | I55: No | M55: No | O55: No | P55: No | Q55: No | R55: Yes | S55: Yes | T55: No | U55: AC/DC Measurements | W55: [SYI_DC2_001]Measurement of DC voltage on Ac side_NACS.html | X55: 12 | Y55: 0 | Z55: 0 | AA55: 12 | AB55: 0.00071759259 | AC55: TSR-CCU-NACS-957 TSR-CCU-NACS-958 TSR-CCU-NACS-974 TSR-CCU-NACS-977 | AO55: =EXACT(W55,AG55) | AP55: =EXACT(X55,AH55) | AQ55: =EXACT(Y55,AI55) | AR55: =EXACT(Z55,AJ55) | AS55: =EXACT(AA55,AK55)
D56: No | E56: No | F56: No | G56: No | H56: No | I56: No | M56: No | O56: No | P56: No | Q56: No | R56: No | S56: No | T56: Yes | U56: AC/DC Measurements | W56: [SYI_DC2_001]Measurement of DC voltage on Ac side_NACS_SP21P.html | X56: 3 | Y56: 0 | Z56: 0 | AA56: 3 | AB56: 0.00071759259 | AC56: TSR-CCU-NACS-957 TSR-CCU-NACS-958 TSR-CCU-NACS-974 TSR-CCU-NACS-977 | AO56: =EXACT(W56,AG56) | AP56: =EXACT(X56,AH56) | AQ56: =EXACT(Y56,AI56) | AR56: =EXACT(Z56,AJ56) | AS56: =EXACT(AA56,AK56)
D57: No | E57: No | F57: No | G57: No | H57: No | I57: No | M57: No | O57: No | P57: No | Q57: No | R57: Yes | S57: Yes | T57: No | U57: NACS_Hardware_Detection | W57: [SYI_NACS_001_001].html | X57: 1 | Y57: 0 | Z57: 0 | AA57: 1 | AB57: 1.1574074e-05 | AC57: TSR-CCU-NACS-971 | AE57: Refer to DC2_001 | AO57: =EXACT(W57,AG57) | AP57: =EXACT(X57,AH57) | AQ57: =EXACT(Y57,AI57) | AR57: =EXACT(Z57,AJ57) | AS57: =EXACT(AA57,AK57)
D58: No | E58: No | F58: No | G58: No | H58: No | I58: No | M58: No | O58: No | P58: No | Q58: No | R58: Yes | S58: Yes | T58: No | U58: NACS_Hardware_Detection | W58: [SYI_NACS_001_002].html | X58: 1 | Y58: 0 | Z58: 0 | AA58: 1 | AB58: 1.1574074e-05 | AC58: TSR-CCU-NACS-971 | AE58: Refer to DC2_001 | AO58: =EXACT(W58,AG58) | AP58: =EXACT(X58,AH58) | AQ58: =EXACT(Y58,AI58) | AR58: =EXACT(Z58,AJ58) | AS58: =EXACT(AA58,AK58)
D59: No | E59: No | F59: No | G59: No | H59: No | I59: No | M59: No | O59: No | P59: No | Q59: No | R59: Yes | S59: Yes | T59: No | U59: NACS_Hardware_Detection | W59: [SYI_NACS_001_003].html | X59: 1 | Y59: 0 | Z59: 0 | AA59: 1 | AB59: 1.1574074e-05 | AC59: TSR-CCU-NACS-971 | AE59: Refer to DC2_001 | AO59: =EXACT(W59,AG59) | AP59: =EXACT(X59,AH59) | AQ59: =EXACT(Y59,AI59) | AR59: =EXACT(Z59,AJ59) | AS59: =EXACT(AA59,AK59)
D60: No | E60: No | F60: No | G60: No | H60: No | I60: No | M60: No | O60: No | P60: No | Q60: No | R60: No | S60: No | T60: Yes | U60: NACS_Hardware_Detection | W60: [SYI_NACS_001_004].html | X60: 1 | Y60: 0 | Z60: 0 | AA60: 1 | AE60: Refer to DC2_001 | AO60: =EXACT(W60,AG60) | AP60: =EXACT(X60,AH60) | AQ60: =EXACT(Y60,AI60) | AR60: =EXACT(Z60,AJ60) | AS60: =EXACT(AA60,AK60)
D61: No | E61: No | F61: No | G61: No | H61: No | I61: No | M61: No | O61: No | P61: No | Q61: No | R61: No | S61: No | T61: Yes | U61: NACS_Hardware_Detection | W61: [SYI_NACS_001_005].html | X61: 1 | Y61: 0 | Z61: 0 | AA61: 1 | AE61: Refer to DC2_001 | AO61: =EXACT(W61,AG61) | AP61: =EXACT(X61,AH61) | AQ61: =EXACT(Y61,AI61) | AR61: =EXACT(Z61,AJ61) | AS61: =EXACT(AA61,AK61)
D62: No | E62: No | F62: No | G62: No | H62: No | I62: No | M62: No | O62: No | P62: No | Q62: No | R62: No | S62: No | T62: Yes | U62: NACS_Hardware_Detection | W62: [SYI_NACS_001_006].html | X62: 1 | Y62: 0 | Z62: 0 | AA62: 1 | AE62: Refer to DC2_001 | AO62: =EXACT(W62,AG62) | AP62: =EXACT(X62,AH62) | AQ62: =EXACT(Y62,AI62) | AR62: =EXACT(Z62,AJ62) | AS62: =EXACT(AA62,AK62)
D63: No | E63: No | F63: No | G63: No | H63: No | I63: No | M63: No | O63: No | P63: No | Q63: No | R63: Yes | S63: Yes | T63: No | U63: NACS_SwitchMatrix | W63: [SYI_NACS_002].html | X63: 2 | Y63: 0 | Z63: 0 | AA63: 2 | AB63: 0.0011226852 | AC63: SYR_ACC241 | AE63: Deliver with QM or HW3.0 DELTA execution only | AO63: =EXACT(W63,AG63) | AP63: =EXACT(X63,AH63) | AQ63: =EXACT(Y63,AI63) | AR63: =EXACT(Z63,AJ63) | AS63: =EXACT(AA63,AK63)
D64: No | E64: No | F64: No | G64: No | H64: No | I64: No | M64: No | O64: No | P64: No | Q64: No | R64: Yes | S64: Yes | T64: Yes | U64: AC/DC Detection and Diagnostics | W64: [SYI_DC203_001_001] Verify default state of Mf_U_Type_Detected and qualifiers.html | X64: 1 | Y64: 0 | Z64: 0 | AA64: 1 | AC64: TSR -CCU-NACS-992 TSR-CCU-NACS-993 | AO64: =EXACT(W64,AG64) | AP64: =EXACT(X64,AH64) | AQ64: =EXACT(Y64,AI64) | AR64: =EXACT(Z64,AJ64) | AS64: =EXACT(AA64,AK64)
D65: No | E65: No | F65: No | G65: No | H65: No | I65: No | M65: No | O65: No | P65: No | Q65: No | R65: Yes | S65: Yes | T65: Yes | U65: AC/DC Detection and Diagnostics | W65: [SYI_DC203_001_002] Verify detection of AC Voltage and qualifiers.html | X65: 1 | Y65: 0 | Z65: 0 | AA65: 1 | AC65: TSR -CCU-NACS-992 TSR -CCU-NACS-994 TSR -CCU-NACS-995 | AO65: =EXACT(W65,AG65) | AP65: =EXACT(X65,AH65) | AQ65: =EXACT(Y65,AI65) | AR65: =EXACT(Z65,AJ65) | AS65: =EXACT(AA65,AK65)
D66: No | E66: No | F66: No | G66: No | H66: No | I66: No | M66: No | O66: No | P66: No | Q66: No | R66: Yes | S66: Yes | T66: Yes | U66: AC/DC Detection and Diagnostics | W66: [SYI_DC203_001_003] Verify detection of AC Voltage and qualifiers (Frequency is less than 10 Hz).html | X66: 1 | Y66: 0 | Z66: 0 | AA66: 1 | AC66: TSR -CCU-NACS-992 TSR -CCU-NACS-994 TSR -CCU-NACS-995 | AO66: =EXACT(W66,AG66) | AP66: =EXACT(X66,AH66) | AQ66: =EXACT(Y66,AI66) | AR66: =EXACT(Z66,AJ66) | AS66: =EXACT(AA66,AK66)
D67: No | E67: No | F67: No | G67: No | H67: No | I67: No | M67: No | O67: No | P67: No | Q67: No | R67: Yes | S67: Yes | T67: Yes | U67: AC/DC Detection and Diagnostics | W67: [SYI_DC203_001_004] Verify detection of AC Voltage and qualifiers (Sensor electrical fault present).html | X67: 1 | Y67: 0 | Z67: 0 | AA67: 1 | AC67: TSR -CCU-NACS-992 TSR -CCU-NACS-994 TSR -CCU-NACS-995 | AO67: =EXACT(W67,AG67) | AP67: =EXACT(X67,AH67) | AQ67: =EXACT(Y67,AI67) | AR67: =EXACT(Z67,AJ67) | AS67: =EXACT(AA67,AK67)
D68: No | E68: No | F68: No | G68: No | H68: No | I68: No | M68: No | O68: No | P68: No | Q68: No | R68: Yes | S68: Yes | T68: Yes | U68: AC/DC Detection and Diagnostics | W68: [SYI_DC203_001_005] Verify detection of AC Voltage and qualifiers (HVAC is less than 55V).html | X68: 1 | Y68: 0 | Z68: 0 | AA68: 1 | AC68: TSR -CCU-NACS-992 TSR -CCU-NACS-994 TSR -CCU-NACS-995 | AO68: =EXACT(W68,AG68) | AP68: =EXACT(X68,AH68) | AQ68: =EXACT(Y68,AI68) | AR68: =EXACT(Z68,AJ68) | AS68: =EXACT(AA68,AK68)
D69: No | E69: No | F69: No | G69: No | H69: No | I69: No | M69: No | O69: No | P69: No | Q69: No | R69: Yes | S69: Yes | T69: Yes | U69: AC/DC Detection and Diagnostics | W69: [SYI_DC203_001_006] Verify detection of DC Voltage and qualifiers.html | X69: 1 | Y69: 0 | Z69: 0 | AA69: 1 | AC69: TSR -CCU-NACS-992 TSR -CCU-NACS-994 TSR -CCU-NACS-995 | AO69: =EXACT(W69,AG69) | AP69: =EXACT(X69,AH69) | AQ69: =EXACT(Y69,AI69) | AR69: =EXACT(Z69,AJ69) | AS69: =EXACT(AA69,AK69)
D70: No | E70: No | F70: No | G70: No | H70: No | I70: No | M70: No | O70: No | P70: No | Q70: No | R70: Yes | S70: Yes | T70: Yes | U70: AC/DC Detection and Diagnostics | W70: [SYI_DC203_001_007] Verify detection of DC Voltage and qualifiers (Sensor electrical fault present).html | X70: 1 | Y70: 0 | Z70: 0 | AA70: 1 | AC70: TSR -CCU-NACS-992 TSR -CCU-NACS-994 TSR -CCU-NACS-995 | AO70: =EXACT(W70,AG70) | AP70: =EXACT(X70,AH70) | AQ70: =EXACT(Y70,AI70) | AR70: =EXACT(Z70,AJ70) | AS70: =EXACT(AA70,AK70)
D71: No | E71: No | F71: No | G71: No | H71: No | I71: No | M71: No | O71: No | P71: No | Q71: No | R71: Yes | S71: Yes | T71: Yes | U71: AC/DC Detection and Diagnostics | W71: [SYI_DC203_001_008] Verify detection of DC Voltage and qualifiers (HVDC is less than 55V).html | X71: 1 | Y71: 0 | Z71: 0 | AA71: 1 | AC71: TSR -CCU-NACS-992 TSR -CCU-NACS-994 TSR -CCU-NACS-995 | AO71: =EXACT(W71,AG71) | AP71: =EXACT(X71,AH71) | AQ71: =EXACT(Y71,AI71) | AR71: =EXACT(Z71,AJ71) | AS71: =EXACT(AA71,AK71)
E72: No | F72: No | G72: No | H72: No | I72: No | M72: No | O72: No | P72: No | Q72: Yes | R72: Yes | S72: Yes | T72: No | U72: AC/DC Detection and Diagnostics | W72: [SYI_DC203_001_009] Verify detection of AC Voltage and qualifiers (Non-NACS HW)_SP21.html | X72: 1 | Y72: 0 | Z72: 0 | AA72: 1 | AC72: TSR -CCU-NACS-992 TSR -CCU-NACS-994 TSR -CCU-NACS-1005 | AO72: =EXACT(W72,AG72) | AP72: =EXACT(X72,AH72) | AQ72: =EXACT(Y72,AI72) | AR72: =EXACT(Z72,AJ72) | AS72: =EXACT(AA72,AK72) | AW72: YES
E73: No | F73: No | G73: No | H73: No | I73: No | M73: No | O73: No | P73: No | Q73: No | R73: No | S73: No | T73: Yes | U73: AC/DC Detection and Diagnostics | W73: [SYI_DC203_001_009] Verify detection of AC Voltage and qualifiers (Non-NACS HW)_SP21P_HWEL008.html | X73: 5 | Y73: 0 | Z73: 0 | AA73: 5 | AC73: TSR -CCU-NACS-992 TSR -CCU-NACS-994 TSR -CCU-NACS-1005 | AO73: =EXACT(W73,AG73) | AP73: =EXACT(X73,AH73) | AQ73: =EXACT(Y73,AI73) | AR73: =EXACT(Z73,AJ73) | AS73: =EXACT(AA73,AK73) | AW73: YES
E74: No | F74: No | G74: No | H74: No | I74: No | M74: No | O74: No | P74: No | Q74: No | R74: No | S74: No | T74: Yes | U74: AC/DC Detection and Diagnostics | W74: [SYI_DC203_001_009] Verify detection of AC Voltage and qualifiers (Non-NACS HW)_SP21P_HWEL108.html | X74: 5 | Y74: 0 | Z74: 0 | AA74: 5 | AC74: TSR -CCU-NACS-992 TSR -CCU-NACS-994 TSR -CCU-NACS-1005 | AO74: =EXACT(W74,AG74) | AP74: =EXACT(X74,AH74) | AQ74: =EXACT(Y74,AI74) | AR74: =EXACT(Z74,AJ74) | AS74: =EXACT(AA74,AK74) | AW74: YES
E75: No | F75: No | G75: No | H75: No | I75: No | M75: No | O75: No | P75: No | Q75: No | R75: Yes | S75: Yes | T75: No | U75: AC/DC Detection and Diagnostics | W75: [SYI_DC203_001_010] Verify detection of AC Voltage and qualifiers (NACS HW && Incorrect SGBM_ID)_SP21.html | X75: 1 | Y75: 0 | Z75: 0 | AA75: 1 | AC75: TSR -CCU-NACS-992 TSR -CCU-NACS-994 TSR -CCU-NACS-1005 | AO75: =EXACT(W75,AG75) | AP75: =EXACT(X75,AH75) | AQ75: =EXACT(Y75,AI75) | AR75: =EXACT(Z75,AJ75) | AS75: =EXACT(AA75,AK75)
E76: No | F76: No | G76: No | H76: No | I76: No | M76: No | O76: No | P76: No | Q76: No | R76: No | S76: No | T76: Yes | U76: AC/DC Detection and Diagnostics | W76: [SYI_DC203_001_010] Verify detection of AC Voltage and qualifiers (NACS HW && Incorrect SGBM_ID)_SP21P.html | X76: 5 | Y76: 0 | Z76: 0 | AA76: 5 | AC76: TSR -CCU-NACS-992 TSR -CCU-NACS-994 TSR -CCU-NACS-1005 | AO76: =EXACT(W76,AG76) | AP76: =EXACT(X76,AH76) | AQ76: =EXACT(Y76,AI76) | AR76: =EXACT(Z76,AJ76) | AS76: =EXACT(AA76,AK76)
E77: No | F77: No | G77: No | H77: No | I77: No | M77: No | O77: No | P77: No | Q77: Yes | R77: Yes | S77: Yes | T77: No | U77: AC/DC Detection and Diagnostics | W77: [SYI_DC203_001_012] Verify detection of DC Voltage and qualifiers (Non-NACS HW)_SP21.html | X77: 1 | Y77: 0 | Z77: 0 | AA77: 1 | AC77: TSR -CCU-NACS-992 TSR -CCU-NACS-994 TSR -CCU-NACS-1005 | AO77: =EXACT(W77,AG77) | AP77: =EXACT(X77,AH77) | AQ77: =EXACT(Y77,AI77) | AR77: =EXACT(Z77,AJ77) | AS77: =EXACT(AA77,AK77) | AW77: YES
E78: No | F78: No | G78: No | H78: No | I78: No | M78: No | O78: No | P78: No | Q78: No | R78: No | S78: No | T78: Yes | U78: AC/DC Detection and Diagnostics | W78: [SYI_DC203_001_012] Verify detection of DC Voltage and qualifiers (Non-NACS HW)_SP21P_HWEL008.html | X78: 5 | Y78: 0 | Z78: 0 | AA78: 5 | AC78: TSR -CCU-NACS-992 TSR -CCU-NACS-994 TSR -CCU-NACS-1005 | AO78: =EXACT(W78,AG78) | AP78: =EXACT(X78,AH78) | AQ78: =EXACT(Y78,AI78) | AR78: =EXACT(Z78,AJ78) | AS78: =EXACT(AA78,AK78) | AW78: YES
E79: No | F79: No | G79: No | H79: No | I79: No | M79: No | O79: No | P79: No | Q79: No | R79: No | S79: No | T79: Yes | U79: AC/DC Detection and Diagnostics | W79: [SYI_DC203_001_012] Verify detection of DC Voltage and qualifiers (Non-NACS HW)_SP21P_HWEL108.html | X79: 5 | Y79: 0 | Z79: 0 | AA79: 5 | AC79: TSR -CCU-NACS-992 TSR -CCU-NACS-994 TSR -CCU-NACS-1005 | AO79: =EXACT(W79,AG79) | AP79: =EXACT(X79,AH79) | AQ79: =EXACT(Y79,AI79) | AR79: =EXACT(Z79,AJ79) | AS79: =EXACT(AA79,AK79) | AW79: YES
E80: No | F80: No | G80: No | H80: No | I80: No | M80: No | O80: No | P80: No | Q80: No | R80: Yes | S80: Yes | T80: No | U80: AC/DC Detection and Diagnostics | W80: [SYI_DC203_001_013] Verify detection of DC Voltage and qualifiers (NACS HW && Incorrect SGBM_ID)_SP21.html | X80: 1 | Y80: 0 | Z80: 0 | AA80: 1 | AC80: TSR -CCU-NACS-992 TSR -CCU-NACS-994 TSR -CCU-NACS-1005 | AO80: =EXACT(W80,AG80) | AP80: =EXACT(X80,AH80) | AQ80: =EXACT(Y80,AI80) | AR80: =EXACT(Z80,AJ80) | AS80: =EXACT(AA80,AK80)
E81: No | F81: No | G81: No | H81: No | I81: No | M81: No | O81: No | P81: No | Q81: No | R81: No | S81: No | T81: Yes | U81: AC/DC Detection and Diagnostics | W81: [SYI_DC203_001_013] Verify detection of DC Voltage and qualifiers (NACS HW && Incorrect SGBM_ID)_SP21P.html | X81: 5 | Y81: 0 | Z81: 0 | AA81: 5 | AC81: TSR -CCU-NACS-992 TSR -CCU-NACS-994 TSR -CCU-NACS-1005 | AO81: =EXACT(W81,AG81) | AP81: =EXACT(X81,AH81) | AQ81: =EXACT(Y81,AI81) | AR81: =EXACT(Z81,AJ81) | AS81: =EXACT(AA81,AK81)
E82: No | F82: No | G82: No | H82: No | I82: No | M82: No | O82: No | P82: No | Q82: No | R82: No | S82: No | T82: Yes | U82: AC/DC Detection and Diagnostics | W82: [SYI_DC203_001_015] Verify detection of AC Voltage and qualifiers (NACS HW && Correct SGBM_ID)_SP21P.html | X82: 4 | Y82: 0 | Z82: 0 | AA82: 4 | AC82: TSR -CCU-NACS-992 TSR -CCU-NACS-994 TSR -CCU-NACS-1005 | AO82: =EXACT(W82,AG82) | AP82: =EXACT(X82,AH82) | AQ82: =EXACT(Y82,AI82) | AR82: =EXACT(Z82,AJ82) | AS82: =EXACT(AA82,AK82)
E83: No | F83: No | G83: No | H83: No | I83: No | M83: No | O83: No | P83: No | Q83: No | R83: No | S83: No | T83: Yes | U83: AC/DC Detection and Diagnostics | W83: [SYI_DC203_001_016] Verify detection of DC Voltage and qualifiers (NACS HW && Correct SGBM_ID)_SP21P.html | X83: 4 | Y83: 0 | Z83: 0 | AA83: 4 | AC83: TSR -CCU-NACS-992 TSR -CCU-NACS-994 TSR -CCU-NACS-1005 | AO83: =EXACT(W83,AG83) | AP83: =EXACT(X83,AH83) | AQ83: =EXACT(Y83,AI83) | AR83: =EXACT(Z83,AJ83) | AS83: =EXACT(AA83,AK83)
D84: No | E84: No | F84: No | G84: No | H84: No | I84: No | M84: No | O84: No | P84: No | Q84: No | R84: Yes | S84: Yes | T84: Yes | U84: AC/DC Detection and Diagnostics | W84: [SYI_DC203_002_001] AC Voltage Main Sensor Upper Range Error.html | X84: 4 | Y84: 0 | Z84: 0 | AA84: 4 | AC84: TSR-CCU-NACS-993 | AO84: =EXACT(W84,AG84) | AP84: =EXACT(X84,AH84) | AQ84: =EXACT(Y84,AI84) | AR84: =EXACT(Z84,AJ84) | AS84: =EXACT(AA84,AK84)
D85: No | E85: No | F85: No | G85: No | H85: No | I85: No | M85: No | O85: No | P85: No | Q85: No | R85: Yes | S85: Yes | T85: Yes | U85: AC/DC Detection and Diagnostics | W85: [SYI_DC203_002_002] AC Voltage Redundant Sensor Upper Range Error.html | X85: 4 | Y85: 0 | Z85: 0 | AA85: 4 | AC85: TSR-CCU-NACS-993 | AO85: =EXACT(W85,AG85) | AP85: =EXACT(X85,AH85) | AQ85: =EXACT(Y85,AI85) | AR85: =EXACT(Z85,AJ85) | AS85: =EXACT(AA85,AK85)
D86: No | E86: No | F86: No | G86: No | H86: No | I86: No | M86: No | O86: No | P86: No | Q86: No | R86: Yes | S86: Yes | T86: Yes | U86: AC/DC Detection and Diagnostics | W86: [SYI_DC203_002_005] AC Voltage Plausibility Error.html | X86: 4 | Y86: 0 | Z86: 0 | AA86: 4 | AC86: TSR-CCU-NACS-993 | AO86: =EXACT(W86,AG86) | AP86: =EXACT(X86,AH86) | AQ86: =EXACT(Y86,AI86) | AR86: =EXACT(Z86,AJ86) | AS86: =EXACT(AA86,AK86)
D87: No | E87: No | F87: No | G87: No | H87: No | I87: No | M87: No | O87: No | P87: No | Q87: No | R87: Yes | S87: Yes | T87: Yes | U87: AC/DC Detection and Diagnostics | W87: [SYI_DC203_002_006] AC Frequency Error.html | X87: 4 | Y87: 0 | Z87: 0 | AA87: 4 | AC87: TSR-CCU-NACS-993 | AO87: =EXACT(W87,AG87) | AP87: =EXACT(X87,AH87) | AQ87: =EXACT(Y87,AI87) | AR87: =EXACT(Z87,AJ87) | AS87: =EXACT(AA87,AK87)
D88: No | E88: No | F88: No | G88: No | H88: No | I88: No | M88: No | O88: No | P88: No | Q88: No | R88: Yes | S88: Yes | T88: Yes | U88: AC/DC Detection and Diagnostics | W88: [SYI_DC203_002_007] AC Frequency Error.html | X88: 4 | Y88: 0 | Z88: 0 | AA88: 4 | AC88: TSR-CCU-NACS-993 | AO88: =EXACT(W88,AG88) | AP88: =EXACT(X88,AH88) | AQ88: =EXACT(Y88,AI88) | AR88: =EXACT(Z88,AJ88) | AS88: =EXACT(AA88,AK88)
D89: No | E89: No | F89: No | G89: No | H89: No | I89: No | M89: No | O89: No | P89: No | Q89: No | R89: Yes | S89: Yes | T89: Yes | U89: AC/DC Detection and Diagnostics | W89: [SYI_DC203_002_008] AC Frequency Error.html | X89: 4 | Y89: 0 | Z89: 0 | AA89: 4 | AC89: TSR-CCU-NACS-993 | AO89: =EXACT(W89,AG89) | AP89: =EXACT(X89,AH89) | AQ89: =EXACT(Y89,AI89) | AR89: =EXACT(Z89,AJ89) | AS89: =EXACT(AA89,AK89)
D90: No | E90: No | F90: No | G90: No | H90: No | I90: No | M90: No | O90: No | P90: No | Q90: No | R90: Yes | S90: Yes | T90: Yes | U90: AC/DC Detection and Diagnostics | W90: [SYI_DC203_002_009] AC Frequency Error.html | X90: 4 | Y90: 0 | Z90: 0 | AA90: 4 | AC90: TSR-CCU-NACS-993 | AO90: =EXACT(W90,AG90) | AP90: =EXACT(X90,AH90) | AQ90: =EXACT(Y90,AI90) | AR90: =EXACT(Z90,AJ90) | AS90: =EXACT(AA90,AK90)
D91: No | E91: No | F91: No | G91: No | H91: No | I91: No | M91: No | O91: No | P91: No | Q91: No | R91: Yes | S91: Yes | T91: Yes | U91: AC/DC Detection and Diagnostics | W91: [SYI_DC203_003_001] DC Voltage Main Sensor Upper Range Error.html | X91: 4 | Y91: 0 | Z91: 0 | AA91: 4 | AC91: TSR-CCU-NACS-993 | AO91: =EXACT(W91,AG91) | AP91: =EXACT(X91,AH91) | AQ91: =EXACT(Y91,AI91) | AR91: =EXACT(Z91,AJ91) | AS91: =EXACT(AA91,AK91)
D92: No | E92: No | F92: No | G92: No | H92: No | I92: No | M92: No | O92: No | P92: No | Q92: No | R92: Yes | S92: Yes | T92: Yes | U92: AC/DC Detection and Diagnostics | W92: [SYI_DC203_003_002] DC Voltage Redundant Sensor Upper Range Error.html | X92: 4 | Y92: 0 | Z92: 0 | AA92: 4 | AC92: TSR-CCU-NACS-993 | AO92: =EXACT(W92,AG92) | AP92: =EXACT(X92,AH92) | AQ92: =EXACT(Y92,AI92) | AR92: =EXACT(Z92,AJ92) | AS92: =EXACT(AA92,AK92)
D93: No | E93: No | F93: No | G93: No | H93: No | I93: No | M93: No | O93: No | P93: No | Q93: No | R93: Yes | S93: Yes | T93: Yes | U93: AC/DC Detection and Diagnostics | W93: [SYI_DC203_003_005] DC Voltage Plausibility Error.html | X93: 4 | Y93: 0 | Z93: 0 | AA93: 4 | AC93: TSR-CCU-NACS-993 | AO93: =EXACT(W93,AG93) | AP93: =EXACT(X93,AH93) | AQ93: =EXACT(Y93,AI93) | AR93: =EXACT(Z93,AJ93) | AS93: =EXACT(AA93,AK93)
E94: No | F94: No | G94: No | H94: No | I94: No | M94: No | O94: No | P94: No | Q94: No | R94: Yes | S94: Yes | T94: No | U94: NACS_Diagnostics | W94: [SYI_NACS_003].html | X94: 2 | Y94: 0 | Z94: 0 | AA94: 2 | AC94: TSR-CCU-NACS-980 TSR-CCU-NACS-981 TSR-CCU-NACS-982 TSR-CCU-NACS-999 | AO94: =EXACT(W94,AG94) | AP94: =EXACT(X94,AH94) | AQ94: =EXACT(Y94,AI94) | AR94: =EXACT(Z94,AJ94) | AS94: =EXACT(AA94,AK94)
E95: No | F95: No | G95: No | H95: No | I95: No | M95: No | O95: No | P95: No | Q95: No | R95: No | S95: No | T95: Yes | U95: NACS_Diagnostics | W95: [SYI_NACS_003]_SP21P.html | X95: 5 | Y95: 0 | Z95: 0 | AA95: 5 | AC95: TSR-CCU-NACS-980 TSR-CCU-NACS-981 TSR-CCU-NACS-982 TSR-CCU-NACS-999 | AO95: =EXACT(W95,AG95) | AP95: =EXACT(X95,AH95) | AQ95: =EXACT(Y95,AI95) | AR95: =EXACT(Z95,AJ95) | AS95: =EXACT(AA95,AK95)
D96: No | E96: No | F96: No | G96: No | H96: No | I96: No | M96: No | O96: No | P96: No | Q96: No | R96: Yes | S96: Yes | T96: Yes | U96: NACS_Diagnostics | W96: [SYI_AC4_003_021_001].html | X96: 1 | Y96: 0 | Z96: 0 | AA96: 1 | AC96: TSR-CCU-NACS-985 TSR-CCU-NACS-1000 | AO96: =EXACT(W96,AG96) | AP96: =EXACT(X96,AH96) | AQ96: =EXACT(Y96,AI96) | AR96: =EXACT(Z96,AJ96) | AS96: =EXACT(AA96,AK96)
D97: No | E97: No | F97: No | G97: No | H97: No | I97: No | M97: No | O97: No | P97: No | Q97: No | R97: Yes | S97: Yes | T97: Yes | U97: NACS_Diagnostics | W97: [SYI_AC4_003_021_002].html | X97: 1 | Y97: 0 | Z97: 0 | AA97: 1 | AC97: TSR-CCU-NACS-985 TSR-CCU-NACS-1000 | AO97: =EXACT(W97,AG97) | AP97: =EXACT(X97,AH97) | AQ97: =EXACT(Y97,AI97) | AR97: =EXACT(Z97,AJ97) | AS97: =EXACT(AA97,AK97)
D98: No | E98: No | F98: No | G98: No | H98: No | I98: No | M98: No | O98: No | P98: No | Q98: No | R98: No | S98: No | T98: No | U98: NACS_Diagnostics | W98: [SYI_AC4_003_021_003].html | X98: 1 | Y98: 0 | Z98: 0 | AA98: 1 | AC98: TSR-CCU-NACS-985 TSR-CCU-NACS-1000 | AD98: Obsolete | AE98: Obsoleted due to EPIC CCU01-4649 | AO98: =EXACT(W98,AG98) | AP98: =EXACT(X98,AH98) | AQ98: =EXACT(Y98,AI98) | AR98: =EXACT(Z98,AJ98) | AS98: =EXACT(AA98,AK98)
D99: No | E99: No | F99: No | G99: No | H99: No | I99: No | M99: No | O99: No | P99: No | Q99: No | R99: Yes | S99: Yes | T99: Yes | U99: NACS_Diagnostics | W99: [SYI_AC4_003_021_004].html | X99: 1 | Y99: 0 | Z99: 0 | AA99: 1 | AC99: TSR-CCU-NACS-985 TSR-CCU-NACS-1000 | AO99: =EXACT(W99,AG99) | AP99: =EXACT(X99,AH99) | AQ99: =EXACT(Y99,AI99) | AR99: =EXACT(Z99,AJ99) | AS99: =EXACT(AA99,AK99)
D100: No | E100: No | F100: No | G100: No | H100: No | I100: No | M100: No | O100: No | P100: No | Q100: No | R100: No | S100: No | T100: No | U100: NACS_Diagnostics | W100: [SYI_AC4_003_021_005].html | X100: 1 | Y100: 0 | Z100: 0 | AA100: 1 | AC100: TSR-CCU-NACS-985 TSR-CCU-NACS-1000 | AD100: Obsolete | AE100: Obsoleted due to EPIC CCU01-4649 | AO100: =EXACT(W100,AG100) | AP100: =EXACT(X100,AH100) | AQ100: =EXACT(Y100,AI100) | AR100: =EXACT(Z100,AJ100) | AS100: =EXACT(AA100,AK100)
D101: No | E101: No | F101: No | G101: No | H101: No | I101: No | M101: No | O101: No | P101: No | Q101: No | R101: No | S101: No | T101: No | U101: NACS_Diagnostics | W101: [SYI_AC4_003_021_006].html | X101: 1 | Y101: 0 | Z101: 0 | AA101: 1 | AC101: TSR-CCU-NACS-985 TSR-CCU-NACS-1000 | AD101: Obsolete | AE101: Obsoleted due to EPIC CCU01-4649 | AO101: =EXACT(W101,AG101) | AP101: =EXACT(X101,AH101) | AQ101: =EXACT(Y101,AI101) | AR101: =EXACT(Z101,AJ101) | AS101: =EXACT(AA101,AK101)
D102: No | E102: No | F102: No | G102: No | H102: No | I102: No | M102: No | O102: No | P102: No | Q102: No | R102: No | S102: No | T102: No | U102: NACS_Diagnostics | W102: [SYI_AC4_003_021_007].html | X102: 1 | Y102: 0 | Z102: 0 | AA102: 1 | AC102: TSR-CCU-NACS-985 TSR-CCU-NACS-1000 | AD102: Obsolete | AE102: Obsoleted due to EPIC CCU01-4649 | AO102: =EXACT(W102,AG102) | AP102: =EXACT(X102,AH102) | AQ102: =EXACT(Y102,AI102) | AR102: =EXACT(Z102,AJ102) | AS102: =EXACT(AA102,AK102)
D103: No | E103: No | F103: No | G103: No | H103: No | I103: No | M103: No | O103: No | P103: No | Q103: No | R103: Yes | S103: Yes | T103: Yes | U103: NACS_Diagnostics | W103: [SYI_AC4_003_021_008].html | X103: 1 | Y103: 0 | Z103: 0 | AA103: 1 | AC103: TSR-CCU-NACS-985 TSR-CCU-NACS-1000 | AO103: =EXACT(W103,AG103) | AP103: =EXACT(X103,AH103) | AQ103: =EXACT(Y103,AI103) | AR103: =EXACT(Z103,AJ103) | AS103: =EXACT(AA103,AK103)
D104: No | E104: No | F104: No | G104: No | H104: No | I104: No | M104: No | O104: No | P104: No | Q104: No | R104: Yes | S104: Yes | T104: Yes | U104: NACS_Diagnostics | W104: [SYI_AC4_003_021_009].html | X104: 1 | Y104: 0 | Z104: 0 | AA104: 1 | AC104: TSR-CCU-NACS-985 TSR-CCU-NACS-1000 | AO104: =EXACT(W104,AG104) | AP104: =EXACT(X104,AH104) | AQ104: =EXACT(Y104,AI104) | AR104: =EXACT(Z104,AJ104) | AS104: =EXACT(AA104,AK104)
D105: No | E105: No | F105: No | G105: No | H105: No | I105: No | M105: No | O105: No | P105: No | Q105: No | R105: Yes | S105: Yes | T105: Yes | U105: NACS_Diagnostics | W105: [SYI_AC4_003_021_010].html | X105: 1 | Y105: 0 | Z105: 0 | AA105: 1 | AC105: TSR-CCU-NACS-985 TSR-CCU-NACS-1000 | AO105: =EXACT(W105,AG105) | AP105: =EXACT(X105,AH105) | AQ105: =EXACT(Y105,AI105) | AR105: =EXACT(Z105,AJ105) | AS105: =EXACT(AA105,AK105)
D106: No | E106: No | F106: No | G106: No | H106: No | I106: No | M106: No | O106: No | P106: No | Q106: No | R106: Yes | S106: Yes | T106: Yes | U106: NACS_Diagnostics | W106: [SYI_AC4_003_021_011].html | X106: 1 | Y106: 0 | Z106: 0 | AA106: 1 | AC106: TSR-CCU-NACS-985 TSR-CCU-NACS-1000 | AO106: =EXACT(W106,AG106) | AP106: =EXACT(X106,AH106) | AQ106: =EXACT(Y106,AI106) | AR106: =EXACT(Z106,AJ106) | AS106: =EXACT(AA106,AK106)
D107: No | E107: No | F107: No | G107: No | H107: No | I107: No | M107: No | O107: No | P107: No | Q107: No | R107: Yes | S107: Yes | T107: Yes | U107: NACS_Diagnostics | W107: [SYI_DC2_002].html | X107: 9 | Y107: 0 | Z107: 0 | AA107: 9 | AC107: TSR-CCU-NACS-986 | AO107: =EXACT(W107,AG107) | AP107: =EXACT(X107,AH107) | AQ107: =EXACT(Y107,AI107) | AR107: =EXACT(Z107,AJ107) | AS107: =EXACT(AA107,AK107)
D108: No | E108: No | F108: No | G108: No | H108: No | I108: No | M108: No | O108: No | P108: No | Q108: No | R108: Yes | S108: Yes | T108: Yes | U108: NACS_Diagnostics | W108: [SYI_DC2_003].html | X108: 3 | Y108: 0 | Z108: 0 | AA108: 3 | AC108: TSR-CCU-NACS-988 | AO108: =EXACT(W108,AG108) | AP108: =EXACT(X108,AH108) | AQ108: =EXACT(Y108,AI108) | AR108: =EXACT(Z108,AJ108) | AS108: =EXACT(AA108,AK108)
D109: No | E109: No | F109: No | G109: No | H109: No | I109: No | M109: No | O109: No | P109: No | Q109: No | R109: No | S109: No | T109: No | U109: NACS_Diagnostics | W109: [SYI_DC2_004_001].html | X109: 1 | Y109: 0 | Z109: 0 | AA109: 1 | AC109: TSR-CCU-NACS-988 TSR-CCU-NACS-989 TSR-CCU-NACS-991 TSR-CCU-NACS-1001 TSR-CCU-NACS-1002 TSR-CCU-NACS-1003 | AD109: Obsolete | AE109: Obsoleted due to EPIC CCU01-4649 | AO109: =EXACT(W109,AG109) | AP109: =EXACT(X109,AH109) | AQ109: =EXACT(Y109,AI109) | AR109: =EXACT(Z109,AJ109) | AS109: =EXACT(AA109,AK109)
...

Sheet FuSa_FTT
A1: SP18 | J1: SP21 | V1: SP21P | W1: Reference | AG1: SPxx SOPyyyy Gxx aaaa.bb
A2: SOP2207 | B2: SOP2211 | C2: SOP2307 | D2: SOP2407 | E2: SOP2503 | F2: SOP2507 | G2: SOP2603 | H2: SOP2311 | I2: SOP2403 | J2: SOP2207 | K2: SOP2207_I20 | L2: SOP2211 | M2: SOP2303 | N2: SOP2307 | O2: SOP2407 | P2: SOP2311 | Q2: SOP2403 | R2: SOP2503 | S2: SOP2507 | T2: SOP2511 | U2: SOP2603 | V2: SOP2607 | W2: Test Case | X2: Pass | Y2: Fail | Z2: OtherFail | AA2: Total | AB2: Time | AC2: TSR-ID | AD2: Status | AE2: Comment | AG2: Test Case | AH2: Pass | AI2: Fail | AJ2: OtherFail | AK2: Total | AL2: Time | AM2: Status | AN2: Comment | AO2: Test ID | AP2: Pass | AQ2: Fail | AR2: OtherFail | AS2: Total
A3: Yes | B3: Yes | C3: Yes | D3: Yes | E3: Yes | F3: Yes | G3: Yes | H3: Yes | I3: Yes | J3: Yes | K3: Yes | L3: Yes | M3: Yes | N3: Yes | O3: Yes | P3: Yes | Q3: Yes | R3: Yes | S3: Yes | T3: Yes | U3: Yes | V3: Yes | W3: [SYI_FTT_001]BMW_SS_CMD_NO_AC_Charging CHG.html | X3: 1 | Y3: 0 | Z3: 0 | AA3: 1 | AB3: 0.00034722222 | AC3: TSR-CCU-011 | AG3: [SYI_FTT_001]BMW_SS_CMD_NO_AC_Charging CHG.html | AH3: 0 | AI3: 1 | AJ3: 0 | AK3: 1 | AO3: =EXACT(AG3,W3) | AP3: =EXACT(AH3,X3) | AQ3: =EXACT(AI3,Y3) | AR3: =EXACT(AJ3,Z3) | AS3: =EXACT(AK3,AA3) | AT3: 0000BA6C_009_030_063 | AU3: 0000BA78_009_030_061
A4: Yes | B4: Yes | C4: Yes | D4: Yes | E4: Yes | F4: Yes | G4: Yes | H4: Yes | I4: Yes | J4: Yes | K4: Yes | L4: Yes | M4: Yes | N4: Yes | O4: Yes | P4: Yes | Q4: Yes | R4: Yes | S4: Yes | T4: Yes | U4: Yes | V4: Yes | W4: [SYI_FTT_011]LT4_U_Sig Qualifier.html | X4: 1 | Y4: 0 | Z4: 0 | AA4: 1 | AB4: 0.00038194444 | AC4: TSR-CCU-075 | AG4: [SYI_FTT_011]LT4_U_Sig Qualifier.html | AH4: 1 | AI4: 0 | AJ4: 0 | AK4: 1 | AO4: =EXACT(AG4,W4) | AP4: =EXACT(AH4,X4) | AQ4: =EXACT(AI4,Y4) | AR4: =EXACT(AJ4,Z4) | AS4: =EXACT(AK4,AA4) | AT4: 0000BA6C_009_030_063 | AU4: 0000BA78_009_030_061
A5: Yes | B5: Yes | C5: Yes | D5: Yes | E5: Yes | F5: Yes | G5: Yes | H5: Yes | I5: Yes | J5: Yes | K5: Yes | L5: Yes | M5: Yes | N5: Yes | O5: Yes | P5: Yes | Q5: Yes | R5: Yes | S5: Yes | T5: Yes | U5: Yes | V5: Yes | W5: [SYI_FTT_012]HVDC Over voltage CHG.html | X5: 1 | Y5: 0 | Z5: 0 | AA5: 1 | AB5: 0.00033564815 | AC5: TSR-CCU-075 | AG5: [SYI_FTT_012]HVDC Over voltage CHG.html | AH5: 1 | AI5: 0 | AJ5: 0 | AK5: 1 | AO5: =EXACT(AG5,W5) | AP5: =EXACT(AH5,X5) | AQ5: =EXACT(AI5,Y5) | AR5: =EXACT(AJ5,Z5) | AS5: =EXACT(AK5,AA5) | AT5: 0000BA6C_009_030_063 | AU5: 0000BA78_009_030_061
A6: Yes | B6: Yes | C6: Yes | D6: Yes | E6: Yes | F6: Yes | G6: Yes | H6: Yes | I6: Yes | J6: Yes | K6: Yes | L6: Yes | M6: Yes | N6: Yes | O6: Yes | P6: Yes | Q6: Yes | R6: Yes | S6: Yes | T6: Yes | U6: Yes | V6: Yes | W6: [SYI_FTT_017]BMW_i_Cbl4InlChaUnitHvsAct Qualifier.html | X6: 1 | Y6: 0 | Z6: 0 | AA6: 1 | AB6: 0.00083333333 | AC6: TSR-CCU-071 | AG6: [SYI_FTT_017]BMW_i_Cbl4InlChaUnitHvsAct Qualifier.html | AH6: 1 | AI6: 0 | AJ6: 0 | AK6: 1 | AO6: =EXACT(AG6,W6) | AP6: =EXACT(AH6,X6) | AQ6: =EXACT(AI6,Y6) | AR6: =EXACT(AJ6,Z6) | AS6: =EXACT(AK6,AA6) | AT6: 0000BA6C_009_030_063 | AU6: 0000BA78_009_030_061
A7: Yes | B7: Yes | C7: Yes | D7: Yes | E7: Yes | F7: Yes | G7: Yes | H7: Yes | I7: Yes | J7: Yes | K7: Yes | L7: Yes | M7: Yes | N7: Yes | O7: Yes | P7: Yes | Q7: Yes | R7: Yes | S7: Yes | T7: Yes | U7: Yes | V7: Yes | W7: [SYI_FTT_018]HVDC Over current CHG.html | X7: 1 | Y7: 0 | Z7: 0 | AA7: 1 | AB7: 0.00033564815 | AC7: TSR-CCU-432 | AG7: [SYI_FTT_018]HVDC Over current CHG.html | AH7: 1 | AI7: 0 | AJ7: 0 | AK7: 1 | AO7: =EXACT(AG7,W7) | AP7: =EXACT(AH7,X7) | AQ7: =EXACT(AI7,Y7) | AR7: =EXACT(AJ7,Z7) | AS7: =EXACT(AK7,AA7) | AT7: 0000BA6C_009_030_063 | AU7: 0000BA78_009_030_061
A8: Yes | B8: Yes | C8: Yes | D8: Yes | E8: Yes | F8: Yes | G8: Yes | H8: Yes | I8: Yes | J8: Yes | K8: Yes | L8: Yes | M8: Yes | N8: Yes | O8: Yes | P8: Yes | Q8: Yes | R8: Yes | S8: Yes | T8: Yes | U8: Yes | V8: Yes | W8: [SYI_FTT_019]HVAC_I_L1_Sig Quallifier.html | X8: 1 | Y8: 0 | Z8: 0 | AA8: 1 | AB8: 0.00032407407 | AC8: TSR-CCU-069 | AG8: [SYI_FTT_019]HVAC_I_L1_Sig Quallifier.html | AH8: 1 | AI8: 0 | AJ8: 0 | AK8: 1 | AO8: =EXACT(AG8,W8) | AP8: =EXACT(AH8,X8) | AQ8: =EXACT(AI8,Y8) | AR8: =EXACT(AJ8,Z8) | AS8: =EXACT(AK8,AA8) | AT8: 0000BA6C_009_030_063 | AU8: 0000BA78_009_030_061
A9: Yes | B9: Yes | C9: Yes | D9: Yes | E9: Yes | F9: Yes | G9: Yes | H9: Yes | I9: Yes | J9: Yes | K9: Yes | L9: Yes | M9: Yes | N9: Yes | O9: Yes | P9: Yes | Q9: Yes | R9: Yes | S9: Yes | T9: Yes | U9: Yes | V9: Yes | W9: [SYI_FTT_020]HVAC_I_L2_Sig Quallifier.html | X9: 1 | Y9: 0 | Z9: 0 | AA9: 1 | AB9: 0.00033564815 | AC9: TSR-CCU-069 | AG9: [SYI_FTT_020]HVAC_I_L2_Sig Quallifier.html | AH9: 1 | AI9: 0 | AJ9: 0 | AK9: 1 | AO9: =EXACT(AG9,W9) | AP9: =EXACT(AH9,X9) | AQ9: =EXACT(AI9,Y9) | AR9: =EXACT(AJ9,Z9) | AS9: =EXACT(AK9,AA9) | AT9: 0000BA6C_009_030_063 | AU9: 0000BA78_009_030_061
A10: Yes | B10: Yes | C10: Yes | D10: Yes | E10: Yes | F10: Yes | G10: Yes | H10: Yes | I10: Yes | J10: Yes | K10: Yes | L10: Yes | M10: Yes | N10: Yes | O10: Yes | P10: Yes | Q10: Yes | R10: Yes | S10: Yes | T10: Yes | U10: Yes | V10: Yes | W10: [SYI_FTT_021]HVAC_I_L3_Sig Quallifier.html | X10: 1 | Y10: 0 | Z10: 0 | AA10: 1 | AB10: 0.00043981481 | AC10: TSR-CCU-069 | AG10: [SYI_FTT_021]HVAC_I_L3_Sig Quallifier.html | AH10: 1 | AI10: 0 | AJ10: 0 | AK10: 1 | AO10: =EXACT(AG10,W10) | AP10: =EXACT(AH10,X10) | AQ10: =EXACT(AI10,Y10) | AR10: =EXACT(AJ10,Z10) | AS10: =EXACT(AK10,AA10) | AT10: 0000BA6C_009_030_063 | AU10: 0000BA78_009_030_061
A11: Yes | B11: Yes | C11: Yes | D11: Yes | E11: Yes | F11: Yes | G11: Yes | H11: Yes | I11: Yes | J11: Yes | K11: Yes | L11: Yes | M11: Yes | N11: Yes | O11: Yes | P11: Yes | Q11: Yes | R11: Yes | S11: Yes | T11: Yes | U11: Yes | V11: Yes | W11: [SYI_FTT_022]HVAC Over current CHG.html | X11: 1 | Y11: 0 | Z11: 0 | AA11: 1 | AB11: 0.00037037037 | AC11: TSR-CCU-007 | AG11: [SYI_FTT_022]HVAC Over current CHG.html | AH11: 1 | AI11: 0 | AJ11: 0 | AK11: 1 | AO11: =EXACT(AG11,W11) | AP11: =EXACT(AH11,X11) | AQ11: =EXACT(AI11,Y11) | AR11: =EXACT(AJ11,Z11) | AS11: =EXACT(AK11,AA11) | AT11: 0000BA6C_009_030_063 | AU11: 0000BA78_009_030_061
A12: Yes | B12: Yes | C12: Yes | D12: Yes | E12: Yes | F12: Yes | G12: Yes | H12: Yes | I12: Yes | J12: Yes | K12: Yes | L12: Yes | M12: Yes | N12: Yes | O12: Yes | P12: Yes | Q12: Yes | R12: Yes | S12: Yes | T12: Yes | U12: Yes | V12: Yes | W12: [SYI_FTT_023]N-Line Over current CHG.html | X12: 1 | Y12: 0 | Z12: 0 | AA12: 1 | AB12: 0.00046296296 | AC12: TSR-CCU-431 | AG12: [SYI_FTT_023]N-Line Over current CHG.html | AH12: 0 | AI12: 1 | AJ12: 2 | AK12: 1 | AO12: =EXACT(AG12,W12) | AP12: =EXACT(AH12,X12) | AQ12: =EXACT(AI12,Y12) | AR12: =EXACT(AJ12,Z12) | AS12: =EXACT(AK12,AA12) | AT12: 0000BA6C_009_030_063 | AU12: 0000BA78_009_030_061
A13: Yes | B13: Yes | C13: Yes | D13: Yes | E13: Yes | F13: Yes | G13: Yes | H13: Yes | I13: Yes | J13: Yes | K13: Yes | L13: Yes | M13: Yes | N13: Yes | O13: Yes | P13: Yes | Q13: Yes | R13: Yes | S13: Yes | T13: Yes | U13: Yes | V13: Yes | W13: [SYI_FTT_027]Proximity Qualifier.html | X13: 1 | Y13: 0 | Z13: 0 | AA13: 1 | AB13: 0.00032407407 | AC13: TSR-CCU-259 | AG13: [SYI_FTT_027]Proximity Qualifier.html | AH13: 1 | AI13: 0 | AJ13: 0 | AK13: 1 | AO13: =EXACT(AG13,W13) | AP13: =EXACT(AH13,X13) | AQ13: =EXACT(AI13,Y13) | AR13: =EXACT(AJ13,Z13) | AS13: =EXACT(AK13,AA13) | AT13: 0000BA6C_009_030_063 | AU13: 0000BA78_009_030_061
A14: Yes | B14: Yes | C14: Yes | D14: Yes | E14: Yes | F14: Yes | G14: Yes | H14: Yes | I14: Yes | J14: Yes | K14: Yes | L14: Yes | M14: Yes | N14: Yes | O14: Yes | P14: Yes | Q14: Yes | R14: Yes | S14: Yes | T14: Yes | U14: Yes | V14: Yes | W14: [SYI_FTT_041]FahrPedal_Signal_U1 Qualifier.html | X14: 1 | Y14: 0 | Z14: 0 | AA14: 1 | AB14: 0.00028935185 | AC14: TSR-CCU-731 | AG14: [SYI_FTT_041]FahrPedal_Signal_U1 Qualifier.html | AH14: 1 | AI14: 0 | AJ14: 0 | AK14: 1 | AO14: =EXACT(AG14,W14) | AP14: =EXACT(AH14,X14) | AQ14: =EXACT(AI14,Y14) | AR14: =EXACT(AJ14,Z14) | AS14: =EXACT(AK14,AA14) | AT14: 0000BA6C_009_030_063 | AU14: 0000BA78_009_030_061
... A22: Yes | B22: Yes | C22: Yes | D22: Yes | E22: Yes | F22: Yes | G22: Yes | H22: Yes | I22: Yes | J22: Yes | K22: Yes | L22: Yes | M22: Yes | N22: Yes | O22: Yes | P22: Yes | Q22: Yes | R22: Yes | S22: Yes | T22: Yes | U22: Yes | V22: Yes | W22: [SYI_001_004_0001]Confirm KL30C Voltage Qualifier FTT.html | X22: 4 | Y22: 0 | Z22: 0 | AA22: 4 | AB22: 0.00090277778 | AC22: TSR-CCU-325 | AG22: [SYI_001_004_0001]Confirm KL30C Voltage Qualifier FTT.html | AH22: 3 | AI22: 1 | AJ22: 0 | AK22: 4 | AO22: =EXACT(AG22,W22) | AP22: =EXACT(AH22,X22) | AQ22: =EXACT(AI22,Y22) | AR22: =EXACT(AJ22,Z22) | AS22: =EXACT(AK22,AA22) | AT22: 0000BA6C_009_030_063 | AU22: 0000BA78_009_030_061
A23: No | B23: No | C23: No | D23: No | E23: No | F23: No | G23: No | H23: No | I23: No | J23: No | K23: No | L23: No | M23: No | N23: No | O23: No | P23: No | Q23: No | R23: No | S23: No | T23: No | U23: No | V23: No | W23: [SYI_001_004_0002]Confirm KL30C Voltage Range Stop FTT.html | X23: 9 | Y23: 0 | Z23: 0 | AA23: 9 | AB23: 0.0011805556 | AC23: TSR-CCU-444, TSR-CCU-463 | AD23: Obsolete | AE23: Refer to analysis | AO23: =EXACT(AG23,W23) | AP23: =EXACT(AH23,X23) | AQ23: =EXACT(AI23,Y23) | AR23: =EXACT(AJ23,Z23) | AS23: =EXACT(AK23,AA23)
A24: Yes | B24: Yes | C24: Yes | D24: Yes | E24: Yes | F24: Yes | G24: Yes | H24: Yes | I24: Yes | J24: Yes | K24: Yes | L24: Yes | M24: Yes | N24: Yes | O24: Yes | P24: Yes | Q24: Yes | R24: Yes | S24: Yes | T24: Yes | U24: Yes | V24: Yes | W24: [SYI_001_004_0007_001]Confirm LV Voltage Qualifier FTT.html | X24: 3 | Y24: 0 | Z24: 0 | AA24: 3 | AB24: 0.00087962963 | AC24: TSR-CCU-306 | AG24: [SYI_001_004_0007_001]Confirm LV Voltage Qualifier FTT.html | AH24: 3 | AI24: 0 | AJ24: 0 | AK24: 3 | AO24: =EXACT(AG24,W24) | AP24: =EXACT(AH24,X24) | AQ24: =EXACT(AI24,Y24) | AR24: =EXACT(AJ24,Z24) | AS24: =EXACT(AK24,AA24) | AT24: 0000BA6C_009_030_063 | AU24: 0000BA78_009_030_061
A25: Yes | B25: Yes | C25: Yes | D25: Yes | E25: Yes | F25: Yes | G25: Yes | H25: Yes | I25: Yes | J25: Yes | K25: Yes | L25: Yes | M25: Yes | N25: Yes | O25: Yes | P25: Yes | Q25: Yes | R25: Yes | S25: Yes | T25: Yes | U25: Yes | V25: Yes | W25: [SYI_001_004_0007_001_004]Confirm LV Voltage Qualifier FTT.html | X25: 1 | Y25: 0 | Z25: 0 | AA25: 1 | AC25: TSR-CCU-306 | AG25: [SYI_001_004_0007_001_004]Confirm LV Voltage Qualifier FTT.html | AH25: 1 | AI25: 0 | AJ25: 0 | AK25: 1 | AO25: =EXACT(AG25,W25) | AP25: =EXACT(AH25,X25) | AQ25: =EXACT(AI25,Y25) | AR25: =EXACT(AJ25,Z25) | AS25: =EXACT(AK25,AA25) | AT25: 0000BA6C_009_030_063 | AU25: 0000BA78_009_030_061
A26: Yes | B26: Yes | C26: Yes | D26: Yes | E26: Yes | F26: Yes | G26: Yes | H26: Yes | I26: Yes | J26: Yes | K26: Yes | L26: Yes | M26: Yes | N26: Yes | O26: Yes | P26: Yes | Q26: Yes | R26: Yes | S26: Yes | T26: Yes | U26: Yes | V26: Yes | W26: [SYI_001_004_0009]Confirm LV Current Qualifier FTT.html | X26: 3 | Y26: 0 | Z26: 0 | AA26: 3 | AB26: 0.0008912037 | AC26: TSR-CCU-301 | AG26: [SYI_001_004_0009]Confirm LV Current Qualifier FTT.html | AH26: 3 | AI26: 0 | AJ26: 0 | AK26: 3 | AO26: =EXACT(AG26,W26) | AP26: =EXACT(AH26,X26) | AQ26: =EXACT(AI26,Y26) | AR26: =EXACT(AJ26,Z26) | AS26: =EXACT(AK26,AA26) | AT26: 0000BA6C_009_030_063 | AU26: 0000BA78_009_030_061
A27: Yes | B27: Yes | C27: Yes | D27: Yes | E27: Yes | F27: Yes | G27: Yes | H27: Yes | I27: Yes | J27: Yes | K27: Yes | L27: Yes | M27: Yes | N27: Yes | O27: Yes | P27: Yes | Q27: Yes | R27: Yes | S27: Yes | T27: Yes | U27: Yes | V27: Yes | W27: [SYI_001_004_0010]Confirm LV over voltage Stop FTT.html | X27: 3 | Y27: 2 | Z27: 0 | AA27: 5 | AB27: 0.00092592593 | AC27: TSR-CCU-294 | AE27: Under investigation | AG27: [SYI_001_004_0010]Confirm LV over voltage Stop FTT.html | AH27: 3 | AI27: 2 | AJ27: 0 | AK27: 5 | AO27: =EXACT(AG27,W27) | AP27: =EXACT(AH27,X27) | AQ27: =EXACT(AI27,Y27) | AR27: =EXACT(AJ27,Z27) | AS27: =EXACT(AK27,AA27) | AT27: 0000BA6C_009_030_063 | AU27: 0000BA78_009_030_061
A28: Yes | B28: Yes | C28: Yes | D28: Yes | E28: Yes | F28: Yes | G28: Yes | H28: Yes | I28: Yes | J28: Yes | K28: Yes | L28: Yes | M28: Yes | N28: Yes | O28: Yes | P28: Yes | Q28: Yes | R28: Yes | S28: Yes | T28: Yes | U28: Yes | V28: Yes | W28: [SYI_EFAN01_FTT_002].html | X28: 5 | Y28: 0 | Z28: 0 | AA28: 5 | AB28: 0.0048726852 | AC28: No TSR ID | AO28: =EXACT(AG28,W28) | AP28: =EXACT(AH28,X28) | AQ28: =EXACT(AI28,Y28) | AR28: =EXACT(AJ28,Z28) | AS28: =EXACT(AK28,AA28)
A29: Yes | B29: Yes | C29: Yes | D29: Yes | E29: Yes | F29: Yes | G29: Yes | H29: Yes | I29: Yes | J29: No | K29: Yes | L29: No | M29: No | N29: No | O29: No | P29: No | Q29: No | R29: No | S29: No | T29: No | U29: No | V29: No | W29: [SYI_EFAN01_FTT_003].html | X29: 5 | Y29: 0 | Z29: 0 | AA29: 5 | AB29: 0.003587963 | AC29: TSR-CCU-859 | AE29: Applicable for only SP18 | AO29: =EXACT(AG29,W29) | AP29: =EXACT(AH29,X29) | AQ29: =EXACT(AI29,Y29) | AR29: =EXACT(AJ29,Z29) | AS29: =EXACT(AK29,AA29)
A30: Yes | B30: Yes | C30: Yes | D30: Yes | E30: Yes | F30: Yes | G30: Yes | H30: Yes | I30: Yes | J30: Yes | K30: Yes | L30: Yes | M30: Yes | N30: Yes | O30: Yes | P30: Yes | Q30: Yes | R30: Yes | S30: Yes | T30: Yes | U30: Yes | V30: Yes | W30: [SYI_EFAN01_FTT_004].html | X30: 2 | Y30: 0 | Z30: 0 | AA30: 2 | AB30: 0.0027199074 | AC30: TSR-CCU-855 | AE30: Refer to analysis | AO30: =EXACT(AG30,W30) | AP30: =EXACT(AH30,X30) | AQ30: =EXACT(AI30,Y30) | AR30: =EXACT(AJ30,Z30) | AS30: =EXACT(AK30,AA30)
A31: No | B31: No | C31: No | D31: No | E31: No | F31: No | G31: No | H31: No | I31: No | J31: No | K31: No | L31: No | M31: No | N31: No | O31: No | P31: No | Q31: No | R31: No | S31: No | T31: No | U31: No | V31: No | W31: SYI_EFAN01_FTT_004_001_003 | X31: 0 | Y31: 0 | Z31: 0 | AA31: 0 | AB31: 0 | AC31: TSR-CCU-858-CR908-6 | AE31: Refer to DOORS, Within the CR-908 -EPICS 28419 & 27142 is made obsolete by BMW & replaced with CR-1042. Thus the EPICS 28419 & 27142 reqs are deleted | AO31: =EXACT(AG31,W31) | AP31: =EXACT(AH31,X31) | AQ31: =EXACT(AI31,Y31) | AR31: =EXACT(AJ31,Z31) | AS31: =EXACT(AK31,AA31)
A32: Yes | B32: Yes | C32: Yes | D32: Yes | E32: Yes | F32: Yes | G32: Yes | H32: Yes | I32: Yes | J32: Yes | K32: Yes | L32: Yes | M32: Yes | N32: Yes | O32: Yes | P32: Yes | Q32: Yes | R32: Yes | S32: Yes | T32: Yes | U32: Yes | V32: Yes | W32: [SYI_SEV05_FTT_001_001].html | X32: 1 | Y32: 0 | Z32: 0 | AA32: 1 | AB32: 0.00078703704 | AC32: TSR-CCU-326 TSR-CCU-326 TSR-CCU-896 | AE32: supposed to fail | AG32: [SYI_SEV05_FTT_001_001].html | AH32: 1 | AI32: 0 | AJ32: 0 | AK32: 1 | AO32: =EXACT(AG32,W32) | AP32: =EXACT(AH32,X32) | AQ32: =EXACT(AI32,Y32) | AR32: =EXACT(AJ32,Z32) | AS32: =EXACT(AK32,AA32) | AT32: 0000BA6C_009_030_063 | AU32: 0000BA78_009_030_061
A33: Yes | B33: Yes | C33: Yes | D33: Yes | E33: Yes | F33: Yes | G33: Yes | H33: Yes | I33: Yes | J33: Yes | K33: Yes | L33: Yes | M33: Yes | N33: Yes | O33: Yes | P33: Yes | Q33: Yes | R33: Yes | S33: Yes | T33: Yes | U33: Yes | V33: Yes | W33: [SYI_001_004_0003] | X33: 1 | Y33: 0 | Z33: 0 | AA33: 1 | AB33: 0 | AC33: TSR-CCU-030 | AE33: Manual Test | AO33: =EXACT(AG33,W33) | AP33: =EXACT(AH33,X33) | AQ33: =EXACT(AI33,Y33) | AR33: =EXACT(AJ33,Z33) | AS33: =EXACT(AK33,AA33)
A34: Yes | B34: Yes | C34: Yes | D34: Yes | E34: Yes | F34: Yes | G34: Yes | H34: Yes | I34: Yes | J34: Yes | K34: Yes | L34: Yes | M34: Yes | N34: Yes | O34: Yes | P34: Yes | Q34: Yes | R34: Yes | S34: Yes | T34: Yes | U34: Yes | V34: Yes | W34: [SYI_001_004_0018]Confirm LV overvoltage by HW FTT.html | X34: 3 | Y34: 0 | Z34: 0 | AA34: 3 | AB34: 0 | AC34: TSR-CCU-890 | AG34: [SYI_001_004_0018]Confirm LV overvoltage by HW FTT.html | AH34: 2 | AI34: 1 | AJ34: 0 | AK34: 3 | AO34: =EXACT(AG34,W34) | AP34: =EXACT(AH34,X34) | AQ34: =EXACT(AI34,Y34) | AR34: =EXACT(AJ34,Z34) | AS34: =EXACT(AK34,AA34) | AT34: 0000BA6C_009_030_063 | AU34: 0000BA78_009_030_061
W35: Total | X35: =SUM(X3:X34) | Y35: =SUM(Y3:Y34) | Z35: =SUM(Z3:Z34) | AA35: =SUM(AA3:AA34) | AG35: Total | AH35: =SUM(AH3:AH34) | AI35: =SUM(AI3:AI34) | AJ35: =SUM(AJ3:AJ34) | AK35: =SUM(AK3:AK34) | AO35: =EXACT(AG35,W35) | AP35: =EXACT(AH35,X35) | AQ35: =EXACT(AI35,Y35) | AR35: =EXACT(AJ35,Z35) | AS35: =EXACT(AK35,AA35)
A41: Additional HTML Files
AG42: NewSummary_ENG9_FTT.html | AH42: 0 | AI42: 0 | AJ42: 0 | AK42: 0 | AT42: N/A | AU42: N/A
AG43: Summary_ENG9_FTT.html | AH43: 0 | AI43: 0 | AJ43: 0 | AK43: 0 | AT43: N/A | AU43: N/A

Sheet FuSa_14DCDC
A1: SP18 | J1: SP21 | V1: SP21P | W1: Reference | AG1: SPxx SOPyyyy Gxx aaaa.bb
A2: SOP2207 | B2: SOP2211 | C2: SOP2307 | D2: SOP2407 | E2: SOP2503 | F2: SOP2507 | G2: SOP2603 | H2: SOP2311 | I2: SOP2403 | J2: 2207 | K2: 2207_I20 | L2: 2211 | M2: 2303 | N2: 2307 | O2: SOP2407 | P2: SOP2311 | Q2: SOP2403 | R2: SOP2503 | S2: SOP2507 | T2: SOP2511 | U2: SOP2603 | V2: SOP2607 | W2: Test Case | X2: Pass | Y2: Fail | Z2: OtherFail | AA2: Total | AB2: Time | AC2: TSR ID | AD2: Status | AE2: Comment | AG2: Test Case | AH2: Pass | AI2: Fail | AJ2: OtherFail | AK2: Total | AL2: Time | AM2: Status | AN2: Comment | AO2: Test ID | AP2: Pass | AQ2: Fail | AR2: OtherFail | AS2: Total
A3: Yes | B3: Yes | C3: Yes | D3: Yes | E3: Yes | F3: Yes | G3: Yes | H3: Yes | I3: Yes | J3: Yes | K3: Yes | L3: Yes | M3: Yes | N3: Yes | O3: Yes | P3: Yes | Q3: Yes | R3: Yes | S3: Yes | T3: Yes | U3: Yes | V3: Yes | W3: [SYI_001_002_0003][FP101]Confirm DCDC over temperature detection.html | X3: 25 | Y3: 0 | Z3: 0 | AA3: 25 | AB3: 0.0022106481 | AG3: [SYI_001_002_0003][FP101]Confirm DCDC over temperature detection.html | AH3: 16 | AI3: 9 | AJ3: 0 | AK3: 25 | AO3: =EXACT(W3,AG3) | AP3: =EXACT(X3,AH3) | AQ3: =EXACT(Y3,AI3) | AR3: =EXACT(Z3,AJ3) | AS3: =EXACT(AA3,AK3) | AT3: 0000BA6C_009_030_063 | AU3: 0000BA78_009_030_061
A4: Yes | B4: Yes | C4: Yes | D4: Yes | E4: Yes | F4: Yes | G4: Yes | H4: Yes | I4: Yes | J4: No | K4: Yes | L4: No | M4: No | N4: No | O4: No | P4: No | Q4: No | R4: No | S4: No | T4: No | U4: No | V4: No | W4: [SYI_001_002_0004][FP102]Confirm DCDC Temp Range Check and Thermal Error Detect Check.html | X4: 24 | Y4: 0 | Z4: 0 | AA4: 24 | AB4: 0.0044907407 | AO4: =EXACT(W4,AG4) | AP4: =EXACT(X4,AH4) | AQ4: =EXACT(Y4,AI4) | AR4: =EXACT(Z4,AJ4) | AS4: =EXACT(AA4,AK4)
A5: No | B5: No | C5: No | D5: No | E5: No | F5: No | G5: No | H5: No | I5: No | J5: Yes | K5: No | L5: Yes | M5: Yes | N5: Yes | O5: Yes | P5: Yes | Q5: Yes | R5: Yes | S5: Yes | T5: Yes | U5: Yes | V5: Yes | W5: [SYI_001_002_0004][FP102]Confirm DCDC Temp Range Check and Thermal Error Detect Check_CR924.html | X5: 26 | Y5: 0 | Z5: 0 | AA5: 26 | AB5: 0.0044907407 | AE5: CR 924. Added additional 2 sub tc's according to task ticket #112322 | AG5: [SYI_001_002_0004][FP102]Confirm DCDC Temp Range Check and Thermal Error Detect Check_CR924.html | AH5: 26 | AI5: 0 | AJ5: 0 | AK5: 26 | AO5: =EXACT(W5,AG5) | AP5: =EXACT(X5,AH5) | AQ5: =EXACT(Y5,AI5) | AR5: =EXACT(Z5,AJ5) | AS5: =EXACT(AA5,AK5) | AT5: 0000BA6C_009_030_063 | AU5: 0000BA78_009_030_061
A6: Yes | B6: Yes | C6: Yes | D6: Yes | E6: Yes | F6: Yes | G6: Yes | H6: Yes | I6: Yes | J6: Yes | K6: Yes | L6: Yes | M6: Yes | N6: Yes | O6: Yes | P6: Yes | Q6: Yes | R6: Yes | S6: Yes | T6: Yes | U6: Yes | V6: Yes | W6: [SYI_001_002_0008][SF0107]Confirm Absence of voltage HV DC circuit.html | X6: 11 | Y6: 4 | Z6: 0 | AA6: 15 | AB6: 0.00078703704 | AE6: supposed to fail | AG6: [SYI_001_002_0008][SF0107]Confirm Absence of voltage HV DC circuit.html | AH6: 11 | AI6: 4 | AJ6: 0 | AK6: 15 | AO6: =EXACT(W6,AG6) | AP6: =EXACT(X6,AH6) | AQ6: =EXACT(Y6,AI6) | AR6: =EXACT(Z6,AJ6) | AS6: =EXACT(AA6,AK6) | AT6: 0000BA6C_009_030_063 | AU6: 0000BA78_009_030_061
A7: Yes | B7: Yes | C7: Yes | D7: Yes | E7: Yes | F7: Yes | G7: Yes | H7: Yes | I7: Yes | J7: Yes | K7: Yes | L7: Yes | M7: Yes | N7: Yes | O7: Yes | P7: Yes | Q7: Yes | R7: Yes | S7: Yes | T7: Yes | U7: Yes | V7: Yes | W7: [SYI_001_002_0009][SF0307]Confirm DCDC abort check2.html | X7: 15 | Y7: 0 | Z7: 0 | AA7: 15 | AB7: 0.00094907407 | AE7: Expect to be failed on TB5, due to EA Power Supply limitation | AG7: [SYI_001_002_0009][SF0307]Confirm DCDC abort check2.html | AH7: 12 | AI7: 3 | AJ7: 0 | AK7: 15 | AO7: =EXACT(W7,AG7) | AP7: =EXACT(X7,AH7) | AQ7: =EXACT(Y7,AI7) | AR7: =EXACT(Z7,AJ7) | AS7: =EXACT(AA7,AK7) | AT7: 0000BA6C_009_030_063 | AU7: 0000BA78_009_030_061
A8: Yes | B8: Yes | C8: Yes | D8: Yes | E8: Yes | F8: Yes | G8: Yes | H8: Yes | I8: Yes | J8: Yes | K8: Yes | L8: Yes | M8: Yes | N8: Yes | O8: Yes | P8: Yes | Q8: Yes | R8: Yes | S8: Yes | T8: Yes | U8: Yes | V8: Yes | W8: [SYI_001_002_0010][SF0601]Confirm DCDC Voltage monitoring.html | X8: 10 | Y8: 0 | Z8: 0 | AA8: 10 | AB8: 0.00053240741 | AG8: [SYI_001_002_0010][SF0601]Confirm DCDC Voltage monitoring.html | AH8: 10 | AI8: 0 | AJ8: 0 | AK8: 10 | AO8: =EXACT(W8,AG8) | AP8: =EXACT(X8,AH8) | AQ8: =EXACT(Y8,AI8) | AR8: =EXACT(Z8,AJ8) | AS8: =EXACT(AA8,AK8) | AT8: 0000BA6C_009_030_063 | AU8: 0000BA78_009_030_061
A9: No | B9: No | C9: No | D9: No | E9: No | F9: No | G9: No | H9: No | I9: No | J9: No | K9: No | L9: No | M9: No | N9: No | O9: No | P9: No | Q9: No | R9: No | S9: No | T9: No | U9: No | V9: No | W9: [SYI_001_002_0012][SF0603]Confirm CPU failure detection.html | X9: 2 | Y9: 0 | Z9: 0 | AA9: 2 | AB9: 0.0012268519 | AD9: Obsolete | AE9: Task #137579 SYI_001_002_0012_001_001 and SYI_001_002_0012_001_002 This test is cover by ENG08 FSD with the following test cases #SWQT_SM_MCU_3_30# #SWQT_SM_MCU_3_31# #SWQT_SM_MCU_3_33# #SWQT_SM_MCU_3_34# #SWQT_SM_MCU_3_35# #SWQT_SM_MCU_3_67# #SWQT_SM_MCU_3_68# #SWQT_SM_MCU_3_71# #SWQT_SM_MCU_3_104# #SWQT_SM_MCU_3_105# SYI_001_002_0012_001_003 and SYI_001_002_0012_001_004 This test is cover by ENG10 HV with the following test cases #SYQT-23-0003-0005# +S9+S9#SYQT-99-0001-0010# | AO9: =EXACT(W9,AG9) | AP9: =EXACT(X9,AH9) | AQ9: =EXACT(Y9,AI9) | AR9: =EXACT(Z9,AJ9) | AS9: =EXACT(AA9,AK9)
A10: Yes | B10: Yes | C10: Yes | D10: Yes | E10: Yes | F10: Yes | G10: Yes | H10: Yes | I10: Yes | J10: Yes | K10: Yes | L10: Yes | M10: Yes | N10: Yes | O10: Yes | P10: Yes | Q10: Yes | R10: Yes | S10: Yes | T10: Yes | U10: Yes | V10: Yes | W10: [SYI_001_002_0013][SF0604]Confirm DCDC abort check3.html | X10: 15 | Y10: 0 | Z10: 0 | AA10: 15 | AB10: 0.00074074074 | AG10: [SYI_001_002_0013][SF0604]Confirm DCDC abort check3.html | AH10: 15 | AI10: 0 | AJ10: 0 | AK10: 15 | AO10: =EXACT(W10,AG10) | AP10: =EXACT(X10,AH10) | AQ10: =EXACT(Y10,AI10) | AR10: =EXACT(Z10,AJ10) | AS10: =EXACT(AA10,AK10) | AT10: 0000BA6C_009_030_063 | AU10: 0000BA78_009_030_061
A11: Yes | B11: Yes | C11: Yes | D11: Yes | E11: Yes | F11: Yes | G11: Yes | H11: Yes | I11: Yes | J11: Yes | K11: Yes | L11: Yes | M11: Yes | N11: Yes | O11: Yes | P11: Yes | Q11: Yes | R11: Yes | S11: Yes | T11: Yes | U11: Yes | V11: Yes | W11: [SYI_001_002_0014][SF0701]Confirm DCDC Current monitoring.html | X11: 14 | Y11: 0 | Z11: 0 | AA11: 14 | AB11: 0.0011574074 | AG11: [SYI_001_002_0014][SF0701]Confirm DCDC Current monitoring.html | AH11: 13 | AI11: 1 | AJ11: 0 | AK11: 14 | AO11: =EXACT(W11,AG11) | AP11: =EXACT(X11,AH11) | AQ11: =EXACT(Y11,AI11) | AR11: =EXACT(Z11,AJ11) | AS11: =EXACT(AA11,AK11) | AT11: 0000BA6C_009_030_063 | AU11: 0000BA78_009_030_061
A12: No | B12: No | C12: No | D12: No | E12: No | F12: No | G12: No | H12: No | I12: No | J12: No | K12: No | L12: No | M12: No | N12: No | O12: No | P12: No | Q12: No | R12: No | S12: No | T12: No | U12: No | V12: No | W12: [SYI_001_002_0017][SF0704]Confirm CPU failure detection.html | X12: 2 | Y12: 0 | Z12: 0 | AA12: 2 | AB12: 0.0011689815 | AD12: Obsolete | AE12: Refer to ENG8 | AO12: =EXACT(W12,AG12) | AP12: =EXACT(X12,AH12) | AQ12: =EXACT(Y12,AI12) | AR12: =EXACT(Z12,AJ12) | AS12: =EXACT(AA12,AK12)
A13: Yes | B13: Yes | C13: Yes | D13: Yes | E13: Yes | F13: Yes | G13: Yes | H13: Yes | I13: Yes | J13: Yes | K13: Yes | L13: Yes | M13: Yes | N13: Yes | O13: Yes | P13: Yes | Q13: Yes | R13: Yes | S13: Yes | T13: Yes | U13: Yes | V13: Yes | W13: [SYI_001_002_0022][SF0605]Confirm DCDC overvoltage detection.html | X13: 6 | Y13: 0 | Z13: 0 | AA13: 6 | AB13: 0.00083333333 | AE13: SYI_001_002_0022_001_001 and SYI_001_002_0022_001_002 are disavled as per ERROR #108881, 14DCDC OVP HW signal was removed, so the the requirements TSR-CCU-888 and TSR-CCU-889 are obsolete. FuSa updated requirement refers to #119190 | AG13: [SYI_001_002_0022][SF0605]Confirm DCDC overvoltage detection.html | AH13: 4 | AI13: 2 | AJ13: 0 | AK13: 6 | AO13: =EXACT(W13,AG13) | AP13: =EXACT(X13,AH13) | AQ13: =EXACT(Y13,AI13) | AR13: =EXACT(Z13,AJ13) | AS13: =EXACT(AA13,AK13) | AT13: 0000BA6C_009_030_063 | AU13: 0000BA78_009_030_061
A14: Yes | B14: Yes | C14: Yes | D14: Yes | E14: Yes | F14: Yes | G14: Yes | H14: Yes | I14: Yes | J14: Yes | K14: Yes | L14: Yes | M14: Yes | N14: Yes | O14: Yes | P14: Yes | Q14: Yes | R14: Yes | S14: Yes | T14: Yes | U14: Yes | V14: Yes | W14: [SYI_001_003_0001]Confirm LV Voltage measurement.html | X14: 50 | Y14: 0 | Z14: 0 | AA14: 50 | AB14: 0.0021296296 | AG14: [SYI_001_003_0001]Confirm LV Voltage measurement.html | AH14: 48 | AI14: 2 | AJ14: 0 | AK14: 50 | AO14: =EXACT(W14,AG14) | AP14: =EXACT(X14,AH14) | AQ14: =EXACT(Y14,AI14) | AR14: =EXACT(Z14,AJ14) | AS14: =EXACT(AA14,AK14) | AT14: 0000BA6C_009_030_063 | AU14: 0000BA78_009_030_061
A15: Yes | B15: Yes | C15: Yes | D15: Yes | E15: Yes | F15: Yes | G15: Yes | H15: Yes | I15: Yes | J15: Yes | K15: Yes | L15: Yes | M15: Yes | N15: Yes | O15: Yes | P15: Yes | Q15: Yes | R15: Yes | S15: Yes | T15: Yes | U15: Yes | V15: Yes | W15: [SYI_001_003_0002]Confirm LV Voltage Redundant measurement.html | X15: 23 | Y15: 0 | Z15: 0 | AA15: 23 | AB15: 0.00079861111 | AG15: [SYI_001_003_0002]Confirm LV Voltage Redundant measurement.html | AH15: 23 | AI15: 0 | AJ15: 0 | AK15: 23 | AO15: =EXACT(W15,AG15) | AP15: =EXACT(X15,AH15) | AQ15: =EXACT(Y15,AI15) | AR15: =EXACT(Z15,AJ15) | AS15: =EXACT(AA15,AK15) | AT15: 0000BA6C_009_030_063 | AU15: 0000BA78_009_030_061
A16: Yes | B16: Yes | C16: Yes | D16: Yes | E16: Yes | F16: Yes | G16: Yes | H16: Yes | I16: Yes | J16: Yes | K16: Yes | L16: Yes | M16: Yes | N16: Yes | O16: Yes | P16: Yes | Q16: Yes | R16: Yes | S16: Yes | T16: Yes | U16: Yes | V16: Yes | W16: [SYI_001_003_0004]Confirm KL30C voltage measurement.html | X16: 54 | Y16: 0 | Z16: 0 | AA16: 54 | AB16: 0.0021990741 | AG16: [SYI_001_003_0004]Confirm KL30C voltage measurement.html | AH16: 54 | AI16: 0 | AJ16: 0 | AK16: 54 | AO16: =EXACT(W16,AG16) | AP16: =EXACT(X16,AH16) | AQ16: =EXACT(Y16,AI16) | AR16: =EXACT(Z16,AJ16) | AS16: =EXACT(AA16,AK16) | AT16: 0000BA6C_009_030_063 | AU16: 0000BA78_009_030_061
A17: Yes | B17: Yes | C17: Yes | D17: Yes | E17: Yes | F17: Yes | G17: Yes | H17: Yes | I17: Yes | J17: Yes | K17: Yes | L17: Yes | M17: Yes | N17: Yes | O17: Yes | P17: Yes | Q17: Yes | R17: Yes | S17: Yes | T17: Yes | U17: Yes | V17: Yes | W17: [SYI_001_003_0005]Confirm LV current measurement.html | X17: 152 | Y17: 0 | Z17: 0 | AA17: 152 | AB17: 0.0030787037 | AG17: [SYI_001_003_0005]Confirm LV current measurement.html | AH17: 120 | AI17: 32 | AJ17: 0 | AK17: 152 | AO17: =EXACT(W17,AG17) | AP17: =EXACT(X17,AH17) | AQ17: =EXACT(Y17,AI17) | AR17: =EXACT(Z17,AJ17) | AS17: =EXACT(AA17,AK17) | AT17: 0000BA6C_009_030_063 | AU17: 0000BA78_009_030_061
A18: Yes | B18: Yes | C18: Yes | D18: Yes | E18: Yes | F18: Yes | G18: Yes | H18: Yes | I18: Yes | J18: Yes | K18: Yes | L18: Yes | M18: Yes | N18: Yes | O18: Yes | P18: Yes | Q18: Yes | R18: Yes | S18: Yes | T18: Yes | U18: Yes | V18: Yes | W18: [SYI_001_003_0006]Confirm LV current Redundant measurement.html | X18: 72 | Y18: 0 | Z18: 0 | AA18: 72 | AB18: 0.0015972222 | AG18: [SYI_001_003_0006]Confirm LV current Redundant measurement.html | AH18: 49 | AI18: 23 | AJ18: 0 | AK18: 72 | AO18: =EXACT(W18,AG18) | AP18: =EXACT(X18,AH18) | AQ18: =EXACT(Y18,AI18) | AR18: =EXACT(Z18,AJ18) | AS18: =EXACT(AA18,AK18) | AT18: 0000BA6C_009_030_063 | AU18: 0000BA78_009_030_061
A19: Yes | B19: Yes | C19: Yes | D19: Yes | E19: Yes | F19: Yes | G19: Yes | H19: Yes | I19: Yes | J19: Yes | K19: Yes | L19: Yes | M19: Yes | N19: Yes | O19: Yes | P19: Yes | Q19: Yes | R19: Yes | S19: Yes | T19: Yes | U19: Yes | V19: Yes | W19: [SYI_001_003_0007]Confirm HV Voltage measurement.html | X19: 109 | Y19: 0 | Z19: 0 | AA19: 109 | AB19: 0.0026157407 | AG19: [SYI_001_003_0007]Confirm HV Voltage measurement.html | AH19: 109 | AI19: 0 | AJ19: 0 | AK19: 109 | AO19: =EXACT(W19,AG19) | AP19: =EXACT(X19,AH19) | AQ19: =EXACT(Y19,AI19) | AR19: =EXACT(Z19,AJ19) | AS19: =EXACT(AA19,AK19) | AT19: 0000BA6C_009_030_063 | AU19: 0000BA78_009_030_061
A20: Yes | B20: Yes | C20: Yes | D20: Yes | E20: Yes | F20: Yes | G20: Yes | H20: Yes | I20: Yes | J20: Yes | K20: Yes | L20: Yes | M20: Yes | N20: Yes | O20: Yes | P20: Yes | Q20: Yes | R20: Yes | S20: Yes | T20: Yes | U20: Yes | V20: Yes | W20: [SYI_001_003_0008]Confirm HV Current measurement.html | X20: 44 | Y20: 0 | Z20: 0 | AA20: 44 | AB20: 0.0021412037 | AG20: [SYI_001_003_0008]Confirm HV Current measurement.html | AH20: 44 | AI20: 0 | AJ20: 0 | AK20: 44 | AO20: =EXACT(W20,AG20) | AP20: =EXACT(X20,AH20) | AQ20: =EXACT(Y20,AI20) | AR20: =EXACT(Z20,AJ20) | AS20: =EXACT(AA20,AK20) | AT20: 0000BA6C_009_030_063 | AU20: 0000BA78_009_030_061
A21: Yes | B21: Yes | C21: Yes | D21: Yes | E21: Yes | F21: Yes | G21: Yes | H21: Yes | I21: Yes | J21: Yes | K21: Yes | L21: Yes | M21: Yes | N21: Yes | O21: Yes | P21: Yes | Q21: Yes | R21: Yes | S21: Yes | T21: Yes | U21: Yes | V21: Yes | W21: [SYI_001_003_0010]Confirm Coolant Temperature measurement.html | X21: 405 | Y21: 0 | Z21: 0 | AA21: 405 | AB21: 0.0054861111 | AG21: [SYI_001_003_0010]Confirm Coolant Temperature measurement.html | AH21: 405 | AI21: 0 | AJ21: 0 | AK21: 405 | AO21: =EXACT(W21,AG21) | AP21: =EXACT(X21,AH21) | AQ21: =EXACT(Y21,AI21) | AR21: =EXACT(Z21,AJ21) | AS21: =EXACT(AA21,AK21) | AT21: 0000BA6C_009_030_063 | AU21: 0000BA78_009_030_061
A22: Yes | B22: Yes | C22: Yes | D22: Yes | E22: Yes | F22: Yes | G22: Yes | H22: Yes | I22: Yes | J22: Yes | K22: Yes | L22: Yes | M22: Yes | N22: Yes | O22: Yes | P22: Yes | Q22: Yes | R22: Yes | S22: Yes | T22: Yes | U22: Yes | V22: Yes | W22: [SYI_001_003_0011]Confirm Component Temperature measurement.html | X22: 405 | Y22: 0 | Z22: 0 | AA22: 405 | AB22: 0.0057175926 | AG22: [SYI_001_003_0011]Confirm Component Temperature measurement.html | AH22: 405 | AI22: 0 | AJ22: 0 | AK22: 405 | AO22: =EXACT(W22,AG22) | AP22: =EXACT(X22,AH22) | AQ22: =EXACT(Y22,AI22) | AR22: =EXACT(Z22,AJ22) | AS22: =EXACT(AA22,AK22) | AT22: 0000BA6C_009_030_063 | AU22: 0000BA78_009_030_061
A23: Yes | B23: Yes | C23: Yes | D23: Yes | E23: Yes | F23: Yes | G23: Yes | H23: Yes | I23: Yes | J23: Yes | K23: Yes | L23: Yes | M23: Yes | N23: Yes | O23: Yes | P23: Yes | Q23: Yes | R23: Yes | S23: Yes | T23: Yes | U23: Yes | V23: Yes | W23: [SYI_001_003_0012]Confirm Component Temperature Redundant measurement.html | X23: 405 | Y23: 0 | Z23: 0 | AA23: 405 | AB23: 0.0060648148 | AG23: [SYI_001_003_0012]Confirm Component Temperature Redundant measurement.html | AH23: 405 | AI23: 0 | AJ23: 0 | AK23: 405 | AO23: =EXACT(W23,AG23) | AP23: =EXACT(X23,AH23) | AQ23: =EXACT(Y23,AI23) | AR23: =EXACT(Z23,AJ23) | AS23: =EXACT(AA23,AK23) | AT23: 0000BA6C_009_030_063 | AU23: 0000BA78_009_030_061
A24: Yes | B24: Yes | C24: Yes | D24: Yes | E24: Yes | F24: Yes | G24: Yes | H24: Yes | I24: Yes | J24: Yes | K24: Yes | L24: Yes | M24: Yes | N24: Yes | O24: Yes | P24: Yes | Q24: Yes | R24: Yes | S24: Yes | T24: Yes | U24: Yes | V24: Yes | W24: [SYI_001_003_0013]Confirm LV Current Half measurement.html | X24: 41 | Y24: 0 | Z24: 0 | AA24: 41 | AB24: 0.00082175926 | AG24: [SYI_001_003_0013]Confirm LV Current Half measurement.html | AH24: 41 | AI24: 0 | AJ24: 0 | AK24: 41 | AO24: =EXACT(W24,AG24) | AP24: =EXACT(X24,AH24) | AQ24: =EXACT(Y24,AI24) | AR24: =EXACT(Z24,AJ24) | AS24: =EXACT(AA24,AK24) | AT24: 0000BA6C_009_030_063 | AU24: 0000BA78_009_030_061
A25: Yes | B25: Yes | C25: Yes | D25: Yes | E25: Yes | F25: Yes | G25: Yes | H25: Yes | I25: Yes | J25: No | K25: No | L25: No | M25: No | N25: No | O25: No | P25: No | Q25: No | R25: No | S25: No | T25: No | U25: No | V25: No | W25: [SYI_001_005_0004][FP102]Confirm DCDC Temp Range Check and Thermal Error Detect Check.html | X25: 16 | Y25: 0 | Z25: 0 | AA25: 16 | AB25: 0.0021527778 | AO25: =EXACT(W25,AG25) | AP25: =EXACT(X25,AH25) | AQ25: =EXACT(Y25,AI25) | AR25: =EXACT(Z25,AJ25) | AS25: =EXACT(AA25,AK25)
A26: No | B26: No | C26: No | D26: No | E26: No | F26: No | G26: No | H26: No | I26: No | J26: NA | K26: NA | L26: NA | M26: NA | N26: Yes | O26: Yes | P26: Yes | Q26: Yes | R26: Yes | S26: Yes | T26: Yes | U26: Yes | V26: Yes | W26: [SYI_001_005_0004][FP102]Confirm DCDC Temp Range Check and Thermal Error Detect Check_CR924.html | X26: 16 | Y26: 0 | Z26: 0 | AA26: 16 | AB26: 0.0021527778 | AG26: [SYI_001_005_0004][FP102]Confirm DCDC Temp Range Check and Thermal Error Detect Check_CR924.html | AH26: 16 | AI26: 0 | AJ26: 0 | AK26: 16 | AO26: =EXACT(W26,AG26) | AP26: =EXACT(X26,AH26) | AQ26: =EXACT(Y26,AI26) | AR26: =EXACT(Z26,AJ26) | AS26: =EXACT(AA26,AK26) | AT26: 0000BA6C_009_030_063 | AU26: 0000BA78_009_030_061
A27: Yes | B27: Yes | C27: Yes | D27: Yes | E27: Yes | F27: Yes | G27: Yes | H27: Yes | I27: Yes | J27: Yes | K27: Yes | L27: Yes | M27: Yes | N27: Yes | O27: Yes | P27: Yes | Q27: Yes | R27: Yes | S27: Yes | T27: Yes | U27: Yes | V27: Yes | W27: [SYI_001_005_0011][SF0602]Confirm DCDC voltage measurement plausibility check.html | X27: 30 | Y27: 0 | Z27: 0 | AA27: 30 | AB27: 0.00077546296 | AG27: [SYI_001_005_0011][SF0602]Confirm DCDC voltage measurement plausibility check.html | AH27: 23 | AI27: 7 | AJ27: 0 | AK27: 30 | AO27: =EXACT(W27,AG27) | AP27: =EXACT(X27,AH27) | AQ27: =EXACT(Y27,AI27) | AR27: =EXACT(Z27,AJ27) | AS27: =EXACT(AA27,AK27) | AT27: 0000BA6C_009_030_063 | AU27: 0000BA78_009_030_061
A28: Yes | B28: Yes | C28: Yes | D28: Yes | E28: Yes | F28: Yes | G28: Yes | H28: Yes | I28: Yes | J28: Yes | K28: Yes | L28: Yes | M28: Yes | N28: Yes | O28: Yes | P28: Yes | Q28: Yes | R28: Yes | S28: Yes | T28: Yes | U28: Yes | V28: Yes | W28: [SYI_001_005_0014][SF0701]Confirm DCDC Current monitoring.html | X28: 12 | Y28: 0 | Z28: 0 | AA28: 12 | AB28: 0.0014467593 | AG28: [SYI_001_005_0014][SF0701]Confirm DCDC Current monitoring.html | AH28: 12 | AI28: 0 | AJ28: 0 | AK28: 12 | AO28: =EXACT(W28,AG28) | AP28: =EXACT(X28,AH28) | AQ28: =EXACT(Y28,AI28) | AR28: =EXACT(Z28,AJ28) | AS28: =EXACT(AA28,AK28) | AT28: 0000BA6C_009_030_063 | AU28: 0000BA78_009_030_061
A29: Yes | B29: Yes | C29: Yes | D29: Yes | E29: Yes | F29: Yes | G29: Yes | H29: Yes | I29: Yes | J29: Yes | K29: Yes | L29: Yes | M29: Yes | N29: Yes | O29: Yes | P29: Yes | Q29: Yes | R29: Yes | S29: Yes | T29: Yes | U29: Yes | V29: Yes | W29: [SYI_001_005_0015][SF0702]Confirm DCDC current measurement plausibility check.html | X29: 32 | Y29: 0 | Z29: 0 | AA29: 32 | AB29: 0.00085648148 | AG29: [SYI_001_005_0015][SF0702]Confirm DCDC current measurement plausibility check.html | AH29: 32 | AI29: 0 | AJ29: 0 | AK29: 32 | AO29: =EXACT(W29,AG29) | AP29: =EXACT(X29,AH29) | AQ29: =EXACT(Y29,AI29) | AR29: =EXACT(Z29,AJ29) | AS29: =EXACT(AA29,AK29) | AT29: 0000BA6C_009_030_063 | AU29: 0000BA78_009_030_061
A30: Yes | B30: Yes | C30: Yes | D30: Yes | E30: Yes | F30: Yes | G30: Yes | H30: Yes | I30: Yes | J30: Yes | K30: Yes | L30: Yes | M30: Yes | N30: Yes | O30: Yes | P30: Yes | Q30: Yes | R30: Yes | S30: Yes | T30: Yes | U30: Yes | V30: Yes | W30: [SYI_001_005_0018][SF0705]Confirm DCDC negative current detection.html | X30: 10 | Y30: 0 | Z30: 0 | AA30: 10 | AB30: 0.00075231481 | AG30: [SYI_001_005_0018][SF0705]Confirm DCDC negative current detection.html | AH30: 10 | AI30: 0 | AJ30: 0 | AK30: 10 | AO30: =EXACT(W30,AG30) | AP30: =EXACT(X30,AH30) | AQ30: =EXACT(Y30,AI30) | AR30: =EXACT(Z30,AJ30) | AS30: =EXACT(AA30,AK30) | AT30: 0000BA6C_009_030_063 | AU30: 0000BA78_009_030_061
A31: Yes | B31: Yes | C31: Yes | D31: Yes | E31: Yes | F31: Yes | G31: Yes | H31: Yes | I31: Yes | J31: Yes | K31: Yes | L31: Yes | M31: Yes | N31: Yes | O31: Yes | P31: Yes | Q31: Yes | R31: Yes | S31: Yes | T31: Yes | U31: Yes | V31: Yes | W31: [SYI_001_005_0019][SF0706]Confirm DCDC short-circuit detection.html | X31: 10 | Y31: 0 | Z31: 0 | AA31: 10 | AB31: 0.00078703704 | AG31: [SYI_001_005_0019][SF0706]Confirm DCDC short-circuit detection.html | AH31: 10 | AI31: 0 | AJ31: 0 | AK31: 10 | AO31: =EXACT(W31,AG31) | AP31: =EXACT(X31,AH31) | AQ31: =EXACT(Y31,AI31) | AR31: =EXACT(Z31,AJ31) | AS31: =EXACT(AA31,AK31) | AT31: 0000BA6C_009_030_063 | AU31: 0000BA78_009_030_061
A32: Yes | B32: Yes | C32: Yes | D32: Yes | E32: Yes | F32: Yes | G32: Yes | H32: Yes | I32: Yes | J32: Yes | K32: Yes | L32: Yes | M32: Yes | N32: Yes | O32: Yes | P32: Yes | Q32: Yes | R32: Yes | S32: Yes | T32: Yes | U32: Yes | V32: Yes | W32: [SYI_001_006_0001]Confirm Multiple simultaneous faults by HW.html | X32: 2000 | Y32: 0 | Z32: 0 | AA32: 2000 | AB32: 0.0012615741 | AG32: [SYI_001_006_0001]Confirm Multiple simultaneous faults by HW.html | AH32: 2000 | AI32: 0 | AJ32: 0 | AK32: 2000 | AO32: =EXACT(W32,AG32) | AP32: =EXACT(X32,AH32) | AQ32: =EXACT(Y32,AI32) | AR32: =EXACT(Z32,AJ32) | AS32: =EXACT(AA32,AK32) | AT32: 0000BA6C_009_030_063 | AU32: 0000BA78_009_030_061
A33: Yes | B33: Yes | C33: Yes | D33: Yes | E33: Yes | F33: Yes | G33: Yes | H33: Yes | I33: Yes | J33: Yes | K33: Yes | L33: Yes | M33: Yes | N33: Yes | O33: Yes | P33: Yes | Q33: Yes | R33: Yes | S33: Yes | T33: Yes | U33: Yes | V33: Yes | W33: [SYI_001_007_0001]Confirm DCDC over temperature detection.html | X33: 99 | Y33: 0 | Z33: 0 | AA33: 99 | AB33: 0.005775463 | AG33: [SYI_001_007_0001]Confirm DCDC over temperature detection.html | AH33: 91 | AI33: 8 | AJ33: 0 | AK33: 99 | AO33: =EXACT(W33,AG33) | AP33: =EXACT(X33,AH33) | AQ33: =EXACT(Y33,AI33) | AR33: =EXACT(Z33,AJ33) | AS33: =EXACT(AA33,AK33) | AT33: 0000BA6C_009_030_063 | AU33: 0000BA78_009_030_061
W34: Total | X34: =SUM(X3:X33) | Y34: =SUM(Y3:Y33) | Z34: =SUM(Z3:Z33) | AA34: =SUM(AA3:AA33) | AG34: Total | AH34: =SUM(AH3:AH33) | AI34: =SUM(AI3:AI33) | AJ34: =SUM(AJ3:AJ33) | AK34: =SUM(AK3:AK33) | AO34: =EXACT(W34,AG34) | AP34: =EXACT(X34,AH34) | AQ34: =EXACT(Y34,AI34) | AR34: =EXACT(Z34,AJ34) | AS34: =EXACT(AA34,AK34)
A40: Additional HTML Files
AG41: NewSummary_ENG9_FuSa_14DCDC.html | AH41: 0 | AI41: 0 | AJ41: 0 | AK41: 0 | AT41: N/A | AU41: N/A
AG42: Summary_ENG9_FuSa_14DCDC.html | AH42: 0 | AI42: 0 | AJ42: 0 | AK42: 0 | AT42: N/A | AU42: N/A

Sheet FuSa_14DCDC_EFAN
A1: SP18 | J1: SP21 | V1: SP21P | W1: Reference | AG1: SPxx SOPyyyy Gxx aaaa.bb
A2: SOP2207 | B2: SOP2211 | C2: SOP2307 | D2: SOP2407 | E2: SOP2503 | F2: SOP2507 | G2: SOP2603 | H2: SOP2311 | I2: SOP2403 | J2: SOP2207 | K2: SOP2207_I20 | L2: SOP2211 | M2: SOP2303 | N2: SOP2307 | O2: SOP2407 | P2: SOP2311 | Q2: SOP2403 | R2: SOP2503 | S2: SOP2507 | T2: SOP2511 | U2: SOP2603 | V2: SOP2607 | W2: Test Case | X2: Pass | Y2: Fail | Z2: OtherFail | AA2: Total | AB2: Time | AC2: TSR ID | AD2: Status | AE2: Comment | AG2: Test Case | AH2: Pass | AI2: Fail | AJ2: OtherFail | AK2: Total | AL2: Time | AM2: Status | AN2: Comment | AO2: Test ID | AP2: Pass | AQ2: Fail | AR2: OtherFail | AS2: Total
A3: Yes | B3: Yes | C3: Yes | D3: Yes | E3: Yes | F3: Yes | G3: Yes | H3: Yes | I3: Yes | J3: Yes | K3: Yes | L3: Yes | M3: Yes | N3: Yes | O3: Yes | P3: Yes | Q3: Yes | R3: Yes | S3: Yes | T3: Yes | U3: Yes | V3: Yes | W3: [SYI_EFAN01_001_001].html | X3: 4 | Y3: 0 | Z3: 0 | AA3: 4 | AB3: 0.004837963 | AC3: TSR-CCU-855 | AG3: [SYI_EFAN01_001_001].html | AH3: 4 | AI3: 0 | AJ3: 0 | AK3: 4 | AO3: =EXACT(W3,AG3) | AP3: =EXACT(X3,AH3) | AQ3: =EXACT(Y3,AI3) | AR3: =EXACT(Z3,AJ3) | AS3: =EXACT(AA3,AK3) | AT3: 0000BA6C_009_030_063 | AU3: 0000BA78_009_030_061
A4: Yes | B4: Yes | C4: Yes | D4: Yes | E4: Yes | F4: Yes | G4: Yes | H4: Yes | I4: Yes | J4: No | K4: Yes | L4: No | M4: No | N4: No | O4: No | P4: No | Q4: No | R4: No | S4: No | T4: No | U4: No | V4: No | W4: [SYI_EFAN01_001_003_005].html | X4: 1 | Y4: 0 | Z4: 0 | AA4: 1 | AB4: 0.00065972222 | AC4: TSR-CCU-858 | AO4: =EXACT(W4,AG4) | AP4: =EXACT(X4,AH4) | AQ4: =EXACT(Y4,AI4) | AR4: =EXACT(Z4,AJ4) | AS4: =EXACT(AA4,AK4)
A5: Yes | B5: Yes | C5: Yes | D5: Yes | E5: Yes | F5: Yes | G5: Yes | H5: Yes | I5: Yes | J5: No | K5: Yes | L5: No | M5: No | N5: No | O5: No | P5: No | Q5: No | R5: No | S5: No | T5: No | U5: No | V5: No | W5: [SYI_EFAN01_001_003_006].html | X5: 1 | Y5: 0 | Z5: 0 | AA5: 1 | AB5: 0.00065972222 | AC5: TSR-CCU-858 | AO5: =EXACT(W5,AG5) | AP5: =EXACT(X5,AH5) | AQ5: =EXACT(Y5,AI5) | AR5: =EXACT(Z5,AJ5) | AS5: =EXACT(AA5,AK5)
A6: Yes | B6: Yes | C6: Yes | D6: Yes | E6: Yes | F6: Yes | G6: Yes | H6: Yes | I6: Yes | J6: No | K6: Yes | L6: No | M6: No | N6: No | O6: No | P6: No | Q6: No | R6: No | S6: No | T6: No | U6: No | V6: No | W6: [SYI_EFAN01_001_003_007].html | X6: 1 | Y6: 0 | Z6: 0 | AA6: 1 | AB6: 0.00065972222 | AC6: TSR-CCU-860 | AO6: =EXACT(W6,AG6) | AP6: =EXACT(X6,AH6) | AQ6: =EXACT(Y6,AI6) | AR6: =EXACT(Z6,AJ6) | AS6: =EXACT(AA6,AK6)
A7: No | B7: Yes | C7: No | D7: Yes | E7: Yes | F7: Yes | G7: Yes | H7: No | I7: Yes | J7: No | K7: No | L7: No | M7: No | N7: No | O7: No | P7: No | Q7: No | R7: No | S7: No | T7: No | U7: No | V7: No | W7: [SYI_EFAN01_001_003_007_G08-LCI].html | X7: 1 | Y7: 0 | Z7: 0 | AA7: 1 | AB7: 0.00065972222 | AC7: TSR-CCU-860 | AD7: Justify | AE7: This Test case is only applicable for G08-LCI with Deviation id : FuSa_SP18_SP21_Dev053 for SOP 2211 | AO7: =EXACT(W7,AG7) | AP7: =EXACT(X7,AH7) | AQ7: =EXACT(Y7,AI7) | AR7: =EXACT(Z7,AJ7) | AS7: =EXACT(AA7,AK7)
A8: Yes | B8: Yes | C8: Yes | D8: Yes | E8: Yes | F8: Yes | G8: Yes | H8: Yes | I8: Yes | J8: No | K8: Yes | L8: No | M8: No | N8: No | O8: No | P8: No | Q8: No | R8: No | S8: No | T8: No | U8: No | V8: No | W8: [SYI_EFAN01_001_003_008].html | X8: 1 | Y8: 0 | Z8: 0 | AA8: 1 | AB8: 0.00065972222 | AC8: TSR-CCU-862 | AO8: =EXACT(W8,AG8) | AP8: =EXACT(X8,AH8) | AQ8: =EXACT(Y8,AI8) | AR8: =EXACT(Z8,AJ8) | AS8: =EXACT(AA8,AK8)
A9: Yes | B9: Yes | C9: Yes | D9: Yes | E9: Yes | F9: Yes | G9: Yes | H9: Yes | I9: Yes | J9: No | K9: Yes | L9: No | M9: No | N9: No | O9: No | P9: No | Q9: No | R9: No | S9: No | T9: No | U9: No | V9: No | W9: [SYI_EFAN01_001_004_005].html | X9: 1 | Y9: 0 | Z9: 0 | AA9: 1 | AB9: 0.00065972222 | AC9: TSR-CCU-859 | AO9: =EXACT(W9,AG9) | AP9: =EXACT(X9,AH9) | AQ9: =EXACT(Y9,AI9) | AR9: =EXACT(Z9,AJ9) | AS9: =EXACT(AA9,AK9)
A10: Yes | B10: Yes | C10: Yes | D10: Yes | E10: Yes | F10: Yes | G10: Yes | H10: Yes | I10: Yes | J10: No | K10: Yes | L10: No | M10: No | N10: No | O10: No | P10: No | Q10: No | R10: No | S10: No | T10: No | U10: No | V10: No | W10: [SYI_EFAN01_001_004_006].html | X10: 1 | Y10: 0 | Z10: 0 | AA10: 1 | AB10: 0.00042824074 | AC10: TSR-CCU-859 | AO10: =EXACT(W10,AG10) | AP10: =EXACT(X10,AH10) | AQ10: =EXACT(Y10,AI10) | AR10: =EXACT(Z10,AJ10) | AS10: =EXACT(AA10,AK10)
A11: Yes | B11: Yes | C11: Yes | D11: Yes | E11: Yes | F11: Yes | G11: Yes | H11: Yes | I11: Yes | J11: No | K11: Yes | L11: No | M11: No | N11: No | O11: No | P11: No | Q11: No | R11: No | S11: No | T11: No | U11: No | V11: No | W11: [SYI_EFAN01_001_004_007].html | X11: 1 | Y11: 0 | Z11: 0 | AA11: 1 | AB11: 0.00064814815 | AC11: TSR-CCU-859 | AO11: =EXACT(W11,AG11) | AP11: =EXACT(X11,AH11) | AQ11: =EXACT(Y11,AI11) | AR11: =EXACT(Z11,AJ11) | AS11: =EXACT(AA11,AK11)
A12: No | B12: Yes | C12: No | D12: Yes | E12: Yes | F12: Yes | G12: Yes | H12: No | I12: Yes | J12: No | K12: No | L12: No | M12: No | N12: No | O12: No | P12: No | Q12: No | R12: No | S12: No | T12: No | U12: No | V12: No | W12: [SYI_EFAN01_001_004_007_G08-LCI].html | X12: 1 | Y12: 0 | Z12: 0 | AA12: 1 | AB12: 0.00064814815 | AC12: TSR-CCU-859 | AD12: Justify | AE12: This Test case is only applicable for G08-LCI with Deviation id : FuSa_SP18_SP21_Dev053 for SOP 2211 | AO12: =EXACT(W12,AG12) | AP12: =EXACT(X12,AH12) | AQ12: =EXACT(Y12,AI12) | AR12: =EXACT(Z12,AJ12) | AS12: =EXACT(AA12,AK12)
A13: Yes | B13: Yes | C13: Yes | D13: Yes | E13: Yes | F13: Yes | G13: Yes | H13: Yes | I13: Yes | J13: Yes | K13: Yes | L13: Yes | M13: Yes | N13: Yes | O13: No | P13: No | Q13: No | R13: No | S13: No | T13: No | U13: No | V13: No | W13: [SYI_EFAN01_001_004_008].html | X13: 1 | Y13: 0 | Z13: 0 | AA13: 1 | AB13: 0.00064814815 | AC13: TSR-CCU-859 | AO13: =EXACT(W13,AG13) | AP13: =EXACT(X13,AH13) | AQ13: =EXACT(Y13,AI13) | AR13: =EXACT(Z13,AJ13) | AS13: =EXACT(AA13,AK13)
A14: Yes | B14: Yes | C14: Yes | D14: Yes | E14: Yes | F14: Yes | G14: Yes | H14: Yes | I14: Yes | J14: No | K14: Yes | L14: No | M14: No | N14: No | O14: No | P14: No | Q14: No | R14: No | S14: No | T14: No | U14: No | V14: No | W14: [SYI_EFAN01_001_006_005].html | X14: 1 | Y14: 0 | Z14: 0 | AA14: 1 | AB14: 0.00064814815 | AC14: TSR-CCU-860 | AO14: =EXACT(W14,AG14) | AP14: =EXACT(X14,AH14) | AQ14: =EXACT(Y14,AI14) | AR14: =EXACT(Z14,AJ14) | AS14: =EXACT(AA14,AK14)
A15: Yes | B15: Yes | C15: Yes | D15: Yes | E15: Yes | F15: Yes | G15: Yes | H15: Yes | I15: Yes | J15: No | K15: Yes | L15: No | M15: No | N15: No | O15: No | P15: No | Q15: No | R15: No | S15: No | T15: No | U15: No | V15: No | W15: [SYI_EFAN01_001_006_006].html | X15: 1 | Y15: 0 | Z15: 0 | AA15: 1 | AB15: 0.00064814815 | AC15: TSR-CCU-861 | AO15: =EXACT(W15,AG15) | AP15: =EXACT(X15,AH15) | AQ15: =EXACT(Y15,AI15) | AR15: =EXACT(Z15,AJ15) | AS15: =EXACT(AA15,AK15)
A16: Yes | B16: Yes | C16: Yes | D16: Yes | E16: Yes | F16: Yes | G16: Yes | H16: Yes | I16: Yes | J16: No | K16: Yes | L16: No | M16: No | N16: No | O16: No | P16: No | Q16: No | R16: No | S16: No | T16: No | U16: No | V16: No | W16: [SYI_EFAN01_001_006_007].html | X16: 1 | Y16: 0 | Z16: 0 | AA16: 1 | AB16: 0.00064814815 | AC16: TSR-CCU-861 | AO16: =EXACT(W16,AG16) | AP16: =EXACT(X16,AH16) | AQ16: =EXACT(Y16,AI16) | AR16: =EXACT(Z16,AJ16) | AS16: =EXACT(AA16,AK16)
A17: No | B17: Yes | C17: No | D17: Yes | E17: Yes | F17: Yes | G17: Yes | H17: No | I17: Yes | J17: No | K17: No | L17: No | M17: No | N17: No | O17: No | P17: No | Q17: No | R17: No | S17: No | T17: No | U17: No | V17: No | W17: [SYI_EFAN01_001_006_007_G08-LCI].html | X17: 1 | Y17: 0 | Z17: 0 | AA17: 1 | AB17: 0.00064814815 | AC17: TSR-CCU-863 | AD17: Justify | AE17: This Test case is only applicable for G08-LCI with Deviation id : FuSa_SP18_SP21_Dev053 for SOP 2211 | AO17: =EXACT(W17,AG17) | AP17: =EXACT(X17,AH17) | AQ17: =EXACT(Y17,AI17) | AR17: =EXACT(Z17,AJ17) | AS17: =EXACT(AA17,AK17)
A18: Yes | B18: Yes | C18: Yes | D18: Yes | E18: Yes | F18: Yes | G18: Yes | H18: Yes | I18: Yes | J18: Yes | K18: Yes | L18: Yes | M18: Yes | N18: Yes | O18: Yes | P18: Yes | Q18: Yes | R18: Yes | S18: Yes | T18: Yes | U18: Yes | V18: Yes | W18: [SYI_EFAN01_001_006_008].html | X18: 1 | Y18: 0 | Z18: 0 | AA18: 1 | AB18: 0.00064814815 | AC18: TSR-CCU-860 | AG18: [SYI_EFAN01_001_006_008].html | AH18: 1 | AI18: 0 | AJ18: 0 | AK18: 1 | AO18: =EXACT(W18,AG18) | AP18: =EXACT(X18,AH18) | AQ18: =EXACT(Y18,AI18) | AR18: =EXACT(Z18,AJ18) | AS18: =EXACT(AA18,AK18) | AT18: 0000BA6C_009_030_063 | AU18: 0000BA78_009_030_061
A19: Yes | B19: Yes | C19: Yes | D19: Yes | E19: Yes | F19: Yes | G19: Yes | H19: Yes | I19: Yes | J19: Yes | K19: Yes | L19: Yes | M19: Yes | N19: Yes | O19: Yes | P19: Yes | Q19: Yes | R19: Yes | S19: Yes | T19: Yes | U19: Yes | V19: Yes | W19: [SYI_EFAN01_001_007].html | X19: 2 | Y19: 0 | Z19: 0 | AA19: 2 | AB19: 0.0010185185 | AC19: TSR-CCU-861 | AG19: [SYI_EFAN01_001_007].html | AH19: 1 | AI19: 1 | AJ19: 0 | AK19: 2 | AO19: =EXACT(W19,AG19) | AP19: =EXACT(X19,AH19) | AQ19: =EXACT(Y19,AI19) | AR19: =EXACT(Z19,AJ19) | AS19: =EXACT(AA19,AK19) | AT19: 0000BA6C_009_030_063 | AU19: 0000BA78_009_030_061
A20: Yes | B20: Yes | C20: Yes | D20: Yes | E20: Yes | F20: Yes | G20: Yes | H20: Yes | I20: Yes | J20: Yes | K20: Yes | L20: Yes | M20: Yes | N20: Yes | O20: Yes | P20: Yes | Q20: Yes | R20: Yes | S20: Yes | T20: Yes | U20: Yes | V20: Yes | W20: [SYI_EFAN01_001_008].html | X20: 2 | Y20: 0 | Z20: 0 | AA20: 2 | AB20: 0.0012615741 | AC20: TSR-CCU-862 | AG20: [SYI_EFAN01_001_008].html | AH20: 1 | AI20: 1 | AJ20: 0 | AK20: 2 | AO20: =EXACT(W20,AG20) | AP20: =EXACT(X20,AH20) | AQ20: =EXACT(Y20,AI20) | AR20: =EXACT(Z20,AJ20) | AS20: =EXACT(AA20,AK20) | AT20: 0000BA6C_009_030_063 | AU20: 0000BA78_009_030_061
A21: Yes | B21: Yes | C21: Yes | D21: Yes | E21: Yes | F21: Yes | G21: Yes | H21: Yes | I21: Yes | J21: Yes | K21: Yes | L21: Yes | M21: Yes | N21: Yes | O21: Yes | P21: Yes | Q21: Yes | R21: Yes | S21: Yes | T21: Yes | U21: Yes | V21: Yes | W21: [SYI_EFAN01_001_009].html | X21: 2 | Y21: 0 | Z21: 0 | AA21: 2 | AB21: 0.0014930556 | AC21: TSR-CCU-863 | AG21: [SYI_EFAN01_001_009].html | AH21: 2 | AI21: 0 | AJ21: 0 | AK21: 2 | AO21: =EXACT(W21,AG21) | AP21: =EXACT(X21,AH21) | AQ21: =EXACT(Y21,AI21) | AR21: =EXACT(Z21,AJ21) | AS21: =EXACT(AA21,AK21) | AT21: 0000BA6C_009_030_063 | AU21: 0000BA78_009_030_061
A22: Yes | B22: Yes | C22: Yes | D22: Yes | E22: Yes | F22: Yes | G22: Yes | H22: Yes | I22: Yes | J22: Yes | K22: Yes | L22: Yes | M22: Yes | N22: Yes | O22: Yes | P22: Yes | Q22: Yes | R22: Yes | S22: Yes | T22: Yes | U22: Yes | V22: Yes | W22: [SYI_EFAN01_001_010].html | X22: 2 | Y22: 0 | Z22: 0 | AA22: 2 | AB22: 0.00125 | AC22: TSR-CCU-864 | AG22: [SYI_EFAN01_001_010].html | AH22: 2 | AI22: 0 | AJ22: 0 | AK22: 2 | AO22: =EXACT(W22,AG22) | AP22: =EXACT(X22,AH22) | AQ22: =EXACT(Y22,AI22) | AR22: =EXACT(Z22,AJ22) | AS22: =EXACT(AA22,AK22) | AT22: 0000BA6C_009_030_063 | AU22: 0000BA78_009_030_061
A23: Yes | B23: Yes | C23: Yes | D23: Yes | E23: Yes | F23: Yes | G23: Yes | H23: Yes | I23: Yes | J23: Yes | K23: Yes | L23: Yes | M23: Yes | N23: Yes | O23: Yes | P23: Yes | Q23: Yes | R23: Yes | S23: Yes | T23: Yes | U23: Yes | V23: Yes | W23: [SYI_EFAN01_001_011].html | X23: 2 | Y23: 0 | Z23: 0 | AA23: 2 | AB23: 0.00125 | AC23: TSR-CCU-865 | AG23: [SYI_EFAN01_001_011].html | AH23: 2 | AI23: 0 | AJ23: 0 | AK23: 2 | AO23: =EXACT(W23,AG23) | AP23: =EXACT(X23,AH23) | AQ23: =EXACT(Y23,AI23) | AR23: =EXACT(Z23,AJ23) | AS23: =EXACT(AA23,AK23) | AT23: 0000BA6C_009_030_063 | AU23: 0000BA78_009_030_061
A24: Yes | B24: Yes | C24: Yes | D24: Yes | E24: Yes | F24: Yes | G24: Yes | H24: Yes | I24: Yes | J24: Yes | K24: Yes | L24: Yes | M24: Yes | N24: Yes | O24: Yes | P24: Yes | Q24: Yes | R24: Yes | S24: Yes | T24: Yes | U24: Yes | V24: Yes | W24: [SYI_EFAN01_001_012].html | X24: 4 | Y24: 0 | Z24: 0 | AA24: 4 | AB24: 0.0024305556 | AC24: TSR-CCU-866 | AG24: [SYI_EFAN01_001_012].html | AH24: 4 | AI24: 0 | AJ24: 0 | AK24: 4 | AO24: =EXACT(W24,AG24) | AP24: =EXACT(X24,AH24) | AQ24: =EXACT(Y24,AI24) | AR24: =EXACT(Z24,AJ24) | AS24: =EXACT(AA24,AK24) | AT24: 0000BA6C_009_030_063 | AU24: 0000BA78_009_030_061
A25: Yes | B25: Yes | C25: Yes | D25: Yes | E25: Yes | F25: Yes | G25: Yes | H25: Yes | I25: Yes | J25: Yes | K25: Yes | L25: Yes | M25: Yes | N25: Yes | O25: Yes | P25: Yes | Q25: Yes | R25: Yes | S25: Yes | T25: Yes | U25: Yes | V25: Yes | W25: [SYI_EFAN01_001_013].html | X25: 2 | Y25: 0 | Z25: 0 | AA25: 2 | AB25: 0.0012037037 | AC25: TSR-CCU-867 | AG25: [SYI_EFAN01_001_013].html | AH25: 1 | AI25: 1 | AJ25: 0 | AK25: 2 | AO25: =EXACT(W25,AG25) | AP25: =EXACT(X25,AH25) | AQ25: =EXACT(Y25,AI25) | AR25: =EXACT(Z25,AJ25) | AS25: =EXACT(AA25,AK25) | AT25: 0000BA6C_009_030_063 | AU25: 0000BA78_009_030_061
A26: Yes | B26: Yes | C26: Yes | D26: Yes | E26: Yes | F26: Yes | G26: Yes | H26: Yes | I26: Yes | J26: Yes | K26: Yes | L26: Yes | M26: Yes | N26: Yes | O26: Yes | P26: Yes | Q26: Yes | R26: Yes | S26: Yes | T26: Yes | U26: Yes | V26: Yes | W26: [SYI_EFAN01_001_016].html | X26: 2 | Y26: 0 | Z26: 0 | AA26: 2 | AB26: 0.0012268519 | AC26: TSR-CCU-869 | AG26: [SYI_EFAN01_001_016].html | AH26: 1 | AI26: 1 | AJ26: 0 | AK26: 2 | AO26: =EXACT(W26,AG26) | AP26: =EXACT(X26,AH26) | AQ26: =EXACT(Y26,AI26) | AR26: =EXACT(Z26,AJ26) | AS26: =EXACT(AA26,AK26) | AT26: 0000BA6C_009_030_063 | AU26: 0000BA78_009_030_061
A27: Yes | B27: Yes | C27: Yes | D27: Yes | E27: Yes | F27: Yes | G27: Yes | H27: Yes | I27: Yes | J27: Yes | K27: Yes | L27: Yes | M27: Yes | N27: Yes | O27: Yes | P27: Yes | Q27: Yes | R27: Yes | S27: Yes | T27: Yes | U27: Yes | V27: Yes | W27: [SYI_EFAN01_001_017].html | X27: 2 | Y27: 0 | Z27: 0 | AA27: 2 | AB27: 0.0013310185 | AC27: TSR-CCU-870 | AG27: [SYI_EFAN01_001_017].html | AH27: 0 | AI27: 2 | AJ27: 0 | AK27: 2 | AO27: =EXACT(W27,AG27) | AP27: =EXACT(X27,AH27) | AQ27: =EXACT(Y27,AI27) | AR27: =EXACT(Z27,AJ27) | AS27: =EXACT(AA27,AK27) | AT27: 0000BA6C_009_030_063 | AU27: 0000BA78_009_030_061
A28: Yes | B28: Yes | C28: Yes | D28: Yes | E28: Yes | F28: Yes | G28: Yes | H28: Yes | I28: Yes | J28: Yes | K28: Yes | L28: Yes | M28: Yes | N28: Yes | O28: Yes | P28: Yes | Q28: Yes | R28: Yes | S28: Yes | T28: Yes | U28: Yes | V28: Yes | W28: [SYI_EFAN01_001_018].html | X28: 2 | Y28: 0 | Z28: 0 | AA28: 2 | AB28: 0.001724537 | AC28: TSR-CCU-871 TSR-CCU-871-CR908-1 | AG28: [SYI_EFAN01_001_018].html | AH28: 1 | AI28: 1 | AJ28: 0 | AK28: 2 | AO28: =EXACT(W28,AG28) | AP28: =EXACT(X28,AH28) | AQ28: =EXACT(Y28,AI28) | AR28: =EXACT(Z28,AJ28) | AS28: =EXACT(AA28,AK28) | AT28: 0000BA6C_009_030_063 | AU28: 0000BA78_009_030_061
A29: Yes | B29: Yes | C29: Yes | D29: Yes | E29: Yes | F29: Yes | G29: Yes | H29: Yes | I29: Yes | J29: Yes | K29: Yes | L29: Yes | M29: Yes | N29: Yes | O29: Yes | P29: Yes | Q29: Yes | R29: Yes | S29: Yes | T29: Yes | U29: Yes | V29: Yes | W29: [SYI_EFAN01_001_019].html | X29: 2 | Y29: 0 | Z29: 0 | AA29: 2 | AB29: 0.00125 | AC29: TSR-CCU-872 | AG29: [SYI_EFAN01_001_019].html | AH29: 2 | AI29: 0 | AJ29: 0 | AK29: 2 | AO29: =EXACT(W29,AG29) | AP29: =EXACT(X29,AH29) | AQ29: =EXACT(Y29,AI29) | AR29: =EXACT(Z29,AJ29) | AS29: =EXACT(AA29,AK29) | AT29: 0000BA6C_009_030_063 | AU29: 0000BA78_009_030_061
... A35: Yes | B35: Yes | C35: Yes | D35: Yes | E35: Yes | F35: Yes | G35: Yes | H35: Yes | I35: Yes | J35: Yes | K35: Yes | L35: Yes | M35: Yes | N35: Yes | O35: Yes | P35: Yes | Q35: Yes | R35: Yes | S35: Yes | T35: Yes | U35: Yes | V35: Yes | W35: [SYI_EFAN01_001_026].html | X35: 2 | Y35: 0 | Z35: 0 | AA35: 2 | AB35: 0.0012268519 | AC35: TSR-CCU-941 | AG35: [SYI_EFAN01_001_026].html | AH35: 1 | AI35: 1 | AJ35: 0 | AK35: 2 | AO35: =EXACT(W35,AG35) | AP35: =EXACT(X35,AH35) | AQ35: =EXACT(Y35,AI35) | AR35: =EXACT(Z35,AJ35) | AS35: =EXACT(AA35,AK35) | AT35: 0000BA6C_009_030_063 | AU35: 0000BA78_009_030_061
A36: Yes | B36: Yes | C36: Yes | D36: Yes | E36: Yes | F36: Yes | G36: Yes | H36: Yes | I36: Yes | J36: Yes | K36: Yes | L36: No | M36: No | N36: No | O36: No | P36: No | Q36: No | R36: No | S36: No | T36: No | U36: No | V36: No | W36: [SYI_EFAN03_001_001].html | X36: 4 | Y36: 0 | Z36: 0 | AA36: 4 | AB36: 0.0033333333 | AC36: TSR-CCU-878 | AO36: =EXACT(W36,AG36) | AP36: =EXACT(X36,AH36) | AQ36: =EXACT(Y36,AI36) | AR36: =EXACT(Z36,AJ36) | AS36: =EXACT(AA36,AK36)
A37: No | B37: No | C37: No | D37: No | E37: No | F37: No | G37: No | H37: No | I37: No | J37: No | K37: No | L37: Yes | M37: Yes | N37: Yes | O37: Yes | P37: Yes | Q37: Yes | R37: Yes | S37: Yes | T37: Yes | U37: Yes | V37: Yes | W37: [SYI_EFAN03_001_001]_CR1042.html | X37: 2 | Y37: 0 | Z37: 0 | AA37: 2 | AB37: 0.0033333333 | AC37: TSR-CCU-878 | AE37: Removed SYI_EFAN03_001_001_001 and SYI_EFAN03_001_001_002 as G70 onwards - This is applicable only for Disconnect signal | AG37: [SYI_EFAN03_001_001]_CR1042.html | AH37: 2 | AI37: 0 | AJ37: 0 | AK37: 2 | AO37: =EXACT(W37,AG37) | AP37: =EXACT(X37,AH37) | AQ37: =EXACT(Y37,AI37) | AR37: =EXACT(Z37,AJ37) | AS37: =EXACT(AA37,AK37) | AT37: 0000BA6C_009_030_063 | AU37: 0000BA78_009_030_061
A38: Yes | B38: Yes | C38: Yes | D38: Yes | E38: Yes | F38: Yes | G38: Yes | H38: Yes | I38: Yes | J38: No | K38: Yes | L38: No | M38: No | N38: No | O38: No | P38: No | Q38: No | R38: No | S38: No | T38: No | U38: No | V38: No | W38: [SYI_EFAN03_001_002].html | X38: 4 | Y38: 0 | Z38: 0 | AA38: 4 | AB38: 0.0033217593 | AC38: TSR-CCU-879 | AO38: =EXACT(W38,AG38) | AP38: =EXACT(X38,AH38) | AQ38: =EXACT(Y38,AI38) | AR38: =EXACT(Z38,AJ38) | AS38: =EXACT(AA38,AK38)
A39: Yes | B39: Yes | C39: Yes | D39: Yes | E39: Yes | F39: Yes | G39: Yes | H39: Yes | I39: Yes | J39: No | K39: Yes | L39: No | M39: No | N39: No | O39: No | P39: No | Q39: No | R39: No | S39: No | T39: No | U39: No | V39: No | W39: [SYI_EFAN03_001_003].html | X39: 4 | Y39: 0 | Z39: 0 | AA39: 4 | AB39: 0.0033564815 | AC39: TSR-CCU-880 | AO39: =EXACT(W39,AG39) | AP39: =EXACT(X39,AH39) | AQ39: =EXACT(Y39,AI39) | AR39: =EXACT(Z39,AJ39) | AS39: =EXACT(AA39,AK39)
A40: No | B40: No | C40: Yes | D40: Yes | E40: Yes | F40: Yes | G40: Yes | H40: Yes | I40: Yes | J40: No | K40: Yes | L40: No | M40: No | N40: Yes | O40: Yes | P40: Yes | Q40: Yes | R40: Yes | S40: Yes | T40: Yes | U40: Yes | V40: Yes | W40: [SYI_EFAN04_001_004].html | X40: 2 | Y40: 0 | Z40: 0 | AA40: 2 | AB40: 0.0017939815 | AC40: TSR-CCU-886 | AG40: [SYI_EFAN04_001_004].html | AH40: 2 | AI40: 0 | AJ40: 0 | AK40: 2 | AO40: =EXACT(W40,AG40) | AP40: =EXACT(X40,AH40) | AQ40: =EXACT(Y40,AI40) | AR40: =EXACT(Z40,AJ40) | AS40: =EXACT(AA40,AK40) | AT40: 0000BA6C_009_030_063 | AU40: 0000BA78_009_030_061
A41: No | B41: No | C41: Yes | D41: Yes | E41: Yes | F41: Yes | G41: Yes | H41: Yes | I41: Yes | J41: Yes | K41: Yes | L41: Yes | M41: Yes | N41: Yes | O41: Yes | P41: Yes | Q41: Yes | R41: Yes | S41: Yes | T41: Yes | U41: Yes | V41: Yes | W41: [SYI_EFAN04_001_005].html | X41: 2 | Y41: 0 | Z41: 0 | AA41: 2 | AB41: 0.0018171296 | AC41: TSR-CCU-864 | AG41: [SYI_EFAN04_001_005].html | AH41: 2 | AI41: 0 | AJ41: 0 | AK41: 2 | AO41: =EXACT(W41,AG41) | AP41: =EXACT(X41,AH41) | AQ41: =EXACT(Y41,AI41) | AR41: =EXACT(Z41,AJ41) | AS41: =EXACT(AA41,AK41) | AT41: 0000BA6C_009_030_063 | AU41: 0000BA78_009_030_061
A42: No | B42: No | C42: No | D42: No | E42: No | F42: No | G42: No | H42: No | I42: No | J42: No | K42: No | L42: No | M42: No | N42: No | O42: No | P42: No | Q42: No | R42: No | S42: No | T42: No | U42: No | V42: No | W42: SYI_EFAN01_001_027 | X42: 0 | Y42: 0 | Z42: 0 | AA42: 0 | AB42: 0 | AC42: TSR-CCU-858-CR908-1 to 4 | AD42: Obsolete | AO42: =EXACT(W42,AG42) | AP42: =EXACT(X42,AH42) | AQ42: =EXACT(Y42,AI42) | AR42: =EXACT(Z42,AJ42) | AS42: =EXACT(AA42,AK42)
A43: No | B43: No | C43: No | D43: No | E43: No | F43: No | G43: No | H43: No | I43: No | J43: No | K43: No | L43: No | M43: No | N43: No | O43: No | P43: No | Q43: No | R43: No | S43: No | T43: No | U43: No | V43: No | W43: SYI_EFAN01_001_028 | X43: 0 | Y43: 0 | Z43: 0 | AA43: 0 | AB43: 0 | AC43: TSR-CCU-858-CR908-5 | AD43: Obsolete | AO43: =EXACT(W43,AG43) | AP43: =EXACT(X43,AH43) | AQ43: =EXACT(Y43,AI43) | AR43: =EXACT(Z43,AJ43) | AS43: =EXACT(AA43,AK43)
A44: No | B44: No | C44: No | D44: No | E44: No | F44: No | G44: No | H44: No | I44: No | J44: No | K44: No | L44: No | M44: No | N44: No | O44: No | P44: No | Q44: No | R44: No | S44: No | T44: No | U44: No | V44: No | W44: SYI_EFAN01_001_029 | X44: 0 | Y44: 0 | Z44: 0 | AA44: 0 | AB44: 0 | AC44: TSR-CCU-855-CR908-2 | AD44: Obsolete | AO44: =EXACT(W44,AG44) | AP44: =EXACT(X44,AH44) | AQ44: =EXACT(Y44,AI44) | AR44: =EXACT(Z44,AJ44) | AS44: =EXACT(AA44,AK44)
A45: No | B45: No | C45: No | D45: No | E45: No | F45: No | G45: No | H45: No | I45: No | J45: Yes | K45: No | L45: Yes | M45: Yes | N45: Yes | O45: Yes | P45: Yes | Q45: Yes | R45: Yes | S45: Yes | T45: Yes | U45: Yes | V45: Yes | W45: [SYI_EFAN01_001_030].html | X45: 2 | Y45: 0 | Z45: 0 | AA45: 2 | AB45: 0 | AC45: TSR-CCU-858-CR1042 | AG45: [SYI_EFAN01_001_030].html | AH45: 0 | AI45: 2 | AJ45: 0 | AK45: 2 | AO45: =EXACT(W45,AG45) | AP45: =EXACT(X45,AH45) | AQ45: =EXACT(Y45,AI45) | AR45: =EXACT(Z45,AJ45) | AS45: =EXACT(AA45,AK45) | AT45: 0000BA6C_009_030_063 | AU45: 0000BA78_009_030_061
D46: No | E46: No | F46: No | G46: No | H46: No | I46: No | J46: No | K46: No | L46: No | M46: No | O46: No | P46: No | Q46: No | R46: No | S46: No | T46: No | U46: No | V46: No | W46: [SYI_EFAN01_001_030]_SP21P.html | X46: 2 | Y46: 0 | Z46: 0 | AA46: 2 | AB46: 0 | AC46: TSR-CCU-858-CR1042 | AD46: Obsolete | AE46: This TC is created for SP21P until it is integrated in 2341 META due to eFan_SOPT_dU_eFan_KL30_Thresh = 5000, eFan_SOPT_Duration= 10000. -This TC is obsolete as calibration values got updated under [CR-3011][CCU-35112]. Refer to Task #173862 for details | AO46: =EXACT(W46,AG46) | AP46: =EXACT(X46,AH46) | AQ46: =EXACT(Y46,AI46) | AR46: =EXACT(Z46,AJ46) | AS46: =EXACT(AA46,AK46)
A47: No | B47: No | C47: No | D47: No | E47: No | F47: No | G47: No | H47: No | I47: No | J47: Yes | K47: No | L47: Yes | M47: Yes | N47: Yes | O47: Yes | P47: Yes | Q47: Yes | R47: Yes | S47: Yes | T47: Yes | U47: Yes | V47: Yes | W47: [SYI_EFAN01_001_031].html | X47: 1 | Y47: 0 | Z47: 0 | AA47: 1 | AB47: 0 | AC47: TSR-CCU-858-CR1042-1 | AG47: [SYI_EFAN01_001_031].html | AH47: 0 | AI47: 1 | AJ47: 0 | AK47: 1 | AO47: =EXACT(W47,AG47) | AP47: =EXACT(X47,AH47) | AQ47: =EXACT(Y47,AI47) | AR47: =EXACT(Z47,AJ47) | AS47: =EXACT(AA47,AK47) | AT47: 0000BA6C_009_030_063 | AU47: 0000BA78_009_030_061
D48: No | E48: No | F48: No | G48: No | H48: No | I48: No | J48: No | L48: No | M48: No | O48: No | P48: No | Q48: No | R48: No | S48: No | T48: No | U48: No | V48: No | W48: [SYI_EFAN01_001_031]_SP21P.html | X48: 1 | Y48: 0 | Z48: 0 | AA48: 1 | AB48: 0 | AC48: TSR-CCU-858-CR1042-1 | AD48: Obsolete | AE48: This TC is created for SP21P until it is integrated in 2341 META due to eFan_SOPT_dU_eFan_KL30_Thresh = 5000, eFan_SOPT_Duration= 10000. -This TC is obsolete as calibration values got updated under [CR-3011][CCU-35112]. Refer to Task #173862 for details | AO48: =EXACT(W48,AG48) | AP48: =EXACT(X48,AH48) | AQ48: =EXACT(Y48,AI48) | AR48: =EXACT(Z48,AJ48) | AS48: =EXACT(AA48,AK48)
A49: No | B49: No | C49: No | D49: No | E49: No | F49: No | G49: No | H49: No | I49: No | J49: Yes | K49: No | L49: Yes | M49: Yes | N49: Yes | O49: Yes | P49: Yes | Q49: Yes | R49: Yes | S49: Yes | T49: Yes | U49: Yes | V49: Yes | W49: [SYI_EFAN01_001_032].html | X49: 3 | Y49: 0 | Z49: 0 | AA49: 3 | AB49: 0 | AC49: TSR-CCU-858-CR1042-2 and 3 | AG49: [SYI_EFAN01_001_032].html | AH49: 0 | AI49: 3 | AJ49: 0 | AK49: 3 | AO49: =EXACT(W49,AG49) | AP49: =EXACT(X49,AH49) | AQ49: =EXACT(Y49,AI49) | AR49: =EXACT(Z49,AJ49) | AS49: =EXACT(AA49,AK49) | AT49: 0000BA6C_009_030_063 | AU49: 0000BA78_009_030_061
D50: No | E50: No | F50: No | G50: No | H50: No | I50: No | J50: No | K50: No | L50: No | M50: No | O50: No | P50: No | Q50: No | R50: No | S50: No | T50: No | U50: No | V50: No | W50: [SYI_EFAN01_001_032]_SP21P.html | X50: 3 | Y50: 0 | Z50: 0 | AA50: 3 | AB50: 0 | AC50: TSR-CCU-858-CR1042-2 and 3 | AD50: Obsolete | AE50: This TC is created for SP21P until it is integrated in 2341 META due to eFan_SOPT_dU_eFan_KL30_Thresh = 5000, eFan_SOPT_Duration= 10000. -This TC is obsolete as calibration values got updated under [CR-3011][CCU-35112]. Refer to Task #173862 for details | AO50: =EXACT(W50,AG50) | AP50: =EXACT(X50,AH50) | AQ50: =EXACT(Y50,AI50) | AR50: =EXACT(Z50,AJ50) | AS50: =EXACT(AA50,AK50)
A51: No | B51: No | C51: No | D51: No | E51: No | F51: No | G51: No | H51: No | I51: No | J51: Yes | K51: No | L51: Yes | M51: Yes | N51: Yes | O51: Yes | P51: Yes | Q51: Yes | R51: Yes | S51: Yes | T51: Yes | U51: Yes | V51: Yes | W51: [SYI_EFAN01_001_033].html | X51: 3 | Y51: 0 | Z51: 0 | AA51: 3 | AB51: 0 | AC51: TSR-CCU-858-CR1042-3 | AG51: [SYI_EFAN01_001_033].html | AH51: 0 | AI51: 3 | AJ51: 0 | AK51: 3 | AO51: =EXACT(W51,AG51) | AP51: =EXACT(X51,AH51) | AQ51: =EXACT(Y51,AI51) | AR51: =EXACT(Z51,AJ51) | AS51: =EXACT(AA51,AK51) | AT51: 0000BA6C_009_030_063 | AU51: 0000BA78_009_030_061
D52: No | E52: No | F52: No | G52: No | H52: No | I52: No | J52: No | K52: No | L52: No | M52: No | N52: No | O52: No | P52: No | Q52: No | R52: No | S52: No | T52: No | U52: No | V52: No | W52: [SYI_EFAN01_001_033]_SP21P.html | X52: 3 | Y52: 0 | Z52: 0 | AA52: 3 | AB52: 0 | AC52: TSR-CCU-858-CR1042-3 | AD52: Obsolete | AE52: This TC is created for SP21P until it is integrated in 2341 META due to eFan_SOPT_dU_eFan_KL30_Thresh = 5000, eFan_SOPT_Duration= 10000. -This TC is obsolete as calibration values got updated under [CR-3011][CCU-35112]. Refer to Task #173862 for details | AO52: =EXACT(W52,AG52) | AP52: =EXACT(X52,AH52) | AQ52: =EXACT(Y52,AI52) | AR52: =EXACT(Z52,AJ52) | AS52: =EXACT(AA52,AK52)
A53: No | B53: No | C53: No | D53: No | E53: No | F53: No | G53: No | H53: No | I53: No | J53: Yes | K53: No | L53: No | M53: No | N53: No | O53: No | P53: No | Q53: No | R53: No | S53: No | T53: No | U53: No | V53: No | W53: [SYI_EFAN01_001_034].html | X53: 1 | Y53: 0 | Z53: 0 | AA53: 1 | AB53: 0 | AC53: TSR-CCU-858-CR1042-4 | AO53: =EXACT(W53,AG53) | AP53: =EXACT(X53,AH53) | AQ53: =EXACT(Y53,AI53) | AR53: =EXACT(Z53,AJ53) | AS53: =EXACT(AA53,AK53)
A54: No | B54: No | C54: No | D54: No | E54: No | F54: No | G54: No | H54: No | I54: No | J54: Yes | K54: No | L54: Yes | M54: Yes | N54: Yes | O54: Yes | P54: Yes | Q54: Yes | R54: Yes | S54: Yes | T54: Yes | U54: Yes | V54: Yes | W54: [SYI_EFAN01_001_035].html | X54: 2 | Y54: 0 | Z54: 0 | AA54: 2 | AB54: 0 | AC54: TSR-CCU-859-CR1042-1 | AG54: [SYI_EFAN01_001_035].html | AH54: 1 | AI54: 1 | AJ54: 0 | AK54: 2 | AO54: =EXACT(W54,AG54) | AP54: =EXACT(X54,AH54) | AQ54: =EXACT(Y54,AI54) | AR54: =EXACT(Z54,AJ54) | AS54: =EXACT(AA54,AK54) | AT54: 0000BA6C_009_030_063 | AU54: 0000BA78_009_030_061
D55: No | E55: No | F55: No | G55: No | H55: No | I55: No | J55: No | K55: No | L55: No | M55: No | O55: No | P55: No | Q55: No | R55: No | S55: No | T55: No | U55: No | V55: No | W55: [SYI_EFAN01_001_035]_SP21P.html | X55: 2 | Y55: 0 | Z55: 0 | AA55: 2 | AB55: 0 | AC55: TSR-CCU-859-CR1042-1 | AD55: Obsolete | AE55: This TC is created for SP21P until it is integrated in 2341 META due to eFan_SOPT_dU_eFan_KL30_Thresh = 5000, eFan_SOPT_Duration= 10000. -This TC is obsolete as calibration values got updated under [CR-3011][CCU-35112]. Refer to Task #173862 for details | AO55: =EXACT(W55,AG55) | AP55: =EXACT(X55,AH55) | AQ55: =EXACT(Y55,AI55) | AR55: =EXACT(Z55,AJ55) | AS55: =EXACT(AA55,AK55)
